Year,Cumulative Rainfall (mm),Unnamed: 2,Unnamed: 3,Unnamed: 4,Unnamed: 5,Unnamed: 6,Unnamed: 7,Unnamed: 8,Unnamed: 9,Unnamed: 10,Unnamed: 11,Unnamed: 12
1901.0,1068.7,,,,,,,,,,,1901.0
1902.0,1691.9,,,,,,,,,,,1902.0
1903.0,1590.4,,,,,,,,,,,1903.0
1904.0,982.3,,,,,,,,,,,1904.0
1905.0,919.5,,,,,,,,,,,1905.0
1906.0,1907.6,,,,,,,,,,,1906.0
1907.0,1194.2,,,,,,,,,,,1907.0
1908.0,1225.6,,,,,,,,,,,1908.0
1909.0,727.8,,,,,,,,,,,1909.0
1910.0,1131.0,,,,,,,,,,,1910.0
1911.0,1723.1,,,,,,,,,,,1911.0
1912.0,1127.9,,,,,,,,,,,1912.0
1913.0,2074.0,,,,,,,,,,,1913.0
1914.0,1357.9,,,,,,,,,,,1914.0
1915.0,1088.9,,,,,,,,,,,1915.0
1916.0,914.2,,,,,,,,,,,1916.0
1917.0,1337.2,,,,,,,,,,,1917.0
1918.0,1386.6,,,,,,,,,,,1918.0
1919.0,1883.1,,,,,,,,,,,1919.0
1920.0,2095.2,,,,,,,,,,,1920.0
1921.0,1135.3,,,,,,,,,,,1921.0
1922.0,1153.7,,,,,,,,,,,1922.0
1923.0,1756.5,,,,,,,,,,,1923.0
1924.0,1021.2,,,,,,,,,,,1924.0
1925.0,1580.1,,,,,,,,,,,1925.0
1926.0,1018.4,,,,,,,,,,,1926.0
1927.0,769.2,,,,,,,,,,,1927.0
1928.0,1724.1,,,,,,,,,,,1928.0
1929.0,1404.5,,,,,,,,,,,1929.0
1930.0,2123.9,,,,,,,,,,,1930.0
1931.0,1750.8,,,,,,,,,,,1931.0
1932.0,1885.7,,,,,,,,,,,1932.0
1933.0,1122.7,,,,,,,,,,,1933.0
1934.0,943.5,,,,,,,,,,,1934.0
1935.0,1720.9,,,,,,,,,,,1935.0
1936.0,1110.7,,,,,,,,,,,1936.0
1937.0,1271.4,,,,,,,,,,,1937.0
1938.0,1179.6,,,,,,,,,,,1938.0
1939.0,1421.9,,,,,,,,,,,1939.0
1940.0,1775.1,,,,,,,,,,,1940.0
1941.0,1355.9,,,,,,,,,,,1941.0
1942.0,795.3,,,,,,,,,,,1942.0
1943.0,1707.3,,,,,,,,,,,1943.0
1944.0,2105.0,,,,,,,,,,,1944.0
1945.0,1188.3,,,,,,,,,,,1945.0
1946.0,1510.1,,,,,,,,,,,1946.0
1947.0,960.2,,,,,,,,,,,1947.0
1948.0,1105.6,,,,,,,,,,,1948.0
1949.0,685.0,,,,,,,,,,,1949.0
1950.0,1196.8,,,,,,,,,,,1950.0
1951.0,832.1999999999999,,,,,,,,,,,1951.0
1952.0,866.0,,,,,,,,,,,1952.0
1953.0,1040.0,,,,,,,,,,,1953.0
1954.0,1315.8,,,,,,,,,,,1954.0
1955.0,1374.0,,,,,,,,,,,1955.0
1956.0,1138.8,,,,,,,,,,,1956.0
1957.0,1803.5,,,,,,,,,,,1957.0
1958.0,913.3,,,,,,,,,,,1958.0
1959.0,1256.5,,,,,,,,,,,1959.0
1960.0,2234.3,,,,,,,,,,,1960.0
1961.0,1009.0,,,,,,,,,,,1961.0
1962.0,1479.7,,,,,,,,,,,1962.0
1963.0,2348.1,,,,,,,,,,,1963.0
1964.0,717.4,,,,,,,,,,,1964.0
1965.0,1312.7,,,,,,,,,,,1965.0
1966.0,1266.8,,,,,,,,,,,1966.0
1967.0,1582.7,,,,,,,,,,,1967.0
1968.0,742.7,,,,,,,,,,,1968.0
1969.0,1781.6,,,,,,,,,,,1969.0
1970.0,1799.1,,,,,,,,,,,1970.0
1971.0,1500.8,,,,,,,,,,,1971.0
1972.0,1641.8,,,,,,,,,,,1972.0
1973.0,1251.9,,,,,,,,,,,1973.0
1974.0,719.1,,,,,,,,,,,1974.0
1975.0,1421.6,,,,,,,,,,,1975.0
1976.0,1572.0,,,,,,,,,,,1976.0
1977.0,1858.5,,,,,,,,,,,1977.0
1978.0,1647.0,,,,,,,,,,,1978.0
1979.0,1506.6,,,,,,,,,,,1979.0
1980.0,880.9,,,,,,,,,,,1980.0
1981.0,1610.4,,,,,,,,,,,1981.0
1982.0,1006.9,,,,,,,,,,,1982.0
1983.0,1647.0,,,,,,,,,,,1983.0
1984.0,1618.5,,,,,,,,,,,1984.0
1985.0,1838.9,,,,,,,,,,,1985.0
1986.0,1443.9,,,,,,,,,,,1986.0
1987.0,1341.7,,,,,,,,,,,1987.0
1988.0,1263.8,,,,,,,,,,,1988.0
1989.0,1277.5,,,,,,,,,,,1989.0
1990.0,1326.4,,,,,,,,,,,1990.0
1991.0,1687.2,,,,,,,,,,,1991.0
1992.0,913.2,,,,,,,,,,,1992.0
1993.0,1858.4,,,,,,,,,,,1993.0
1994.0,1047.8,,,,,,,,,,,1994.0
1995.0,2324.5,,,,,,,,,,,1995.0
1996.0,1674.3,,,,,,,,,,,1996.0
1997.0,1945.4,,,,,,,,,,,1997.0
1998.0,1309.8,,,,,,,,,,,1998.0
1999.0,1197.0,,,,,,,,,,,1999.0
2000.0,1314.9,,,,,,,,,,,2000.0
2001.0,1011.6,,,,,,,,,,,2001.0
2002.0,875.2,,,,,,,,,,,2002.0
2003.0,828.0,,,,,,,,,,,2003.0
2004.0,1828.2,,,,,,,,,,,2004.0
2005.0,1792.4,,,,,,,,,,,2005.0
2006.0,1147.3,,,,,,,,,,,2006.0
2007.0,1462.9,,,,,,,,,,,2007.0
2008.0,1546.4,,,,,,,,,,,2008.0
2009.0,1941.4,,,,,,,,,,,2009.0
2010.0,1870.6,,,,,,,,,,,2010.0
2011.0,2034.5,,,,,,,,,,,2011.0
2012.0,1515.2,,,,,,,,,,,2012.0
2013.0,1032.1,,,,,,,,,,,2013.0
2014.0,1248.0,,,,,,,,,,,2014.0
2015.0,1857.6,,,,,,,,,,,2015.0
2016.0,695.4,,,,,,,,,,,2016.0
2017.0,1767.3,,,,,,,,,,,2017.0
2018.0,1198.6,,,,,,,,,,,2018.0
2019.0,1475.1,,,,,,,,,,,2019.0
2020.0,1504.7,,,,,,,,,,,2020.0
2021.0,2244.8,,,,,,,,,,,2021.0
2022.0,1323.9,,,,,,,,,,,2022.0
2023.0,1473.8,,,,,,,,,,,2023.0
2024.0,1703.499991215765,,,,,,,,,,,2024.0
,1401.1790321872236,,,,,,,,,,,
