Year,Cyclone_ID,Name,Date,Latitude,Longitude,Wind_Speed,Pressure,Grade,Basin of origin,Time (UTC),"CI No [or ""T. No""]","Pressure Drop (hPa)[or ""delta P""]",Outermost closed isobar (hPa),Diameter/Size of outermost closed isobar,BARBin of origin,,,,Diameter-Size of outermost closed isobar,"Pressure Drop(hPa)[or""delta P""]",Diameter/Size of outermost closed isobar(in degree),,,DD,MM,YYYY
1982,10.0,,1982-10-16 00:00:00,9.4,84.0,25,990,D,BOB,1200,1.5,3,,,,,,,,,,,,,,
1982,10.0,,1982-10-17 00:00:00,11.0,82.5,30,992,DD,BOB,1200,2.0,4,,,,,,,,,,,,,,
1982,10.0,,1982-10-17 00:00:00,12.0,82.0,35,994,CS,BOB,1800,2.5,6,,,,,,,,,,,,,,
1982,10.0,,1982-10-18 00:00:00,12.5,81.5,50,986,SCS,BOB,0000,3.0,14,,,,,,,,,,,,,,
1982,10.0,,1982-10-18 00:00:00,12.7,81.5,55,982,SCS,BOB,0300,3.5,18,,,,,,,,,,,,,,
1982,10.0,,1982-10-18 00:00:00,14.0,80.5,55,982,SCS,BOB,1200,3.5,18,,,,,,,,,,,,,,
1982,10.0,,1982-10-18 00:00:00,14.5,80.0,50,986,SCS,BOB,1800,3.0,14,,,,,,,,,,,,,,
1982,10.0,,1982-10-19 00:00:00,15.0,79.5,30,995,DD,BOB,0000,,5,,,,,,,,,,,,,,
1982,10.0,,1982-10-19 00:00:00,15.0,79.0,30,996,DD,BOB,0300,,4,,,,,,,,,,,,,,
1982,10.0,,1982-10-19 00:00:00,16.0,78.5,25,997,D,BOB,1200,,3,,,,,,,,,,,,,,
1982,10.0,,1982-10-20 00:00:00,17.0,78.5,20,998,D,BOB,0300,,3,,,,,,,,,,,,,,
1982,10.0,,1982-10-20 00:00:00,18.0,78.3,20,998,D,BOB,1200,,3,,,,,,,,,,,,,,
1982,10.0,,1982-10-21 00:00:00,19.0,79.2,20,998,D,BOB,0300,,3,,,,,,,,,,,,,,
1982,10.0,,1982-10-21 00:00:00,21.0,81.0,20,998,D,BOB,1200,,3,,,,,,,,,,,,,,
1982,12.0,,1982-12-02 00:00:00,7.5,84.0,25,,,BOB,1200,1.5,3,,,,,,,,,,,,,,
1982,12.0,,1982-12-03 00:00:00,9.0,82.0,25,,,BOB,0300,1.5,3,,,,,,,,,,,,,,
1982,12.0,,1982-12-03 00:00:00,9.5,79.5,25,,,BOB,1200,1.5,3,,,,,,,,,,,,,,
1982,12.0,,1982-12-04 00:00:00,9.7,79.0,25,,,BOB,0000,1.5,3,,,,,,,,,,,,,,
1983,7.0,,1983-12-21 00:00:00,7.5,81.0,25,,D,,1200,1.5,3.0995834159888913,,,LAND,,,,,,,,,,,
1983,7.0,,1983-12-22 00:00:00,8.5,80.5,25,,D,,0300,1.5,3.0995834159888913,,,LAND,,,,,,,,,,,
1983,7.0,,1983-12-22 00:00:00,9.5,79.5,25,,D,,1200,1.5,3.0995834159888913,,,LAND,,,,,,,,,,,
1984,5.0,,1984-11-09 00:00:00,9.5,87.5,25,,D,BOB,1200,1.5,3.0995834159888913,,,,,,,,,,,,,,
1984,5.0,,1984-11-10 00:00:00,9.5,87.5,30,,DD,BOB,0300,2.0,5,,,,,,,,,,,,,,
1984,5.0,,1984-11-10 00:00:00,10.0,86.0,30,,DD,BOB,1200,2.0,5,,,,,,,,,,,,,,
1984,5.0,,1984-11-10 00:00:00,10.0,84.0,30,,DD,BOB,1800,2.0,5,,,,,,,,,,,,,,
1984,5.0,,1984-11-11 00:00:00,10.5,82.5,30,,DD,BOB,0300,2.0,5,,,,,,,,,,,,,,
1984,5.0,,1984-11-11 00:00:00,10.8,82.0,35,,DD,BOB,0600,2.5,6.075183495338227,,,,,,,,,,,,,,
1984,5.0,,1984-11-11 00:00:00,11.0,81.5,40,,CS,BOB,1200,2.5,8,,,,,,,,,,,,,,
1984,5.0,,1984-11-12 00:00:00,12.0,80.5,55,,SCS,BOB,0300,3.5,15.001983733386234,,,,,,,,,,,,,,
1984,5.0,,1984-11-12 00:00:00,12.5,80.5,90,,SCS,BOB,1200,5.0,40.17060107121603,,,,,,,,,,,,,,
1984,5.0,,1984-11-13 00:00:00,13.5,80.5,90,,SCS,BOB,0300,5.0,40.17060107121603,,,,,,,,,,,,,,
1984,5.0,,1984-11-13 00:00:00,13.5,80.3,102,,SCS,BOB,1200,5.5,51.59690537591748,,,,,,,,,,,,,,
1984,5.0,,1984-11-13 00:00:00,13.5,80.0,115,,SCS,BOB,1800,6.0,65.58718508232494,,,,,,,,,,,,,,
1984,5.0,,1984-11-14 00:00:00,13.5,80.0,115,,SCS,BOB,0300,6.0,65.58718508232494,,,,,,,,,,,,,,
1984,5.0,,1984-11-14 00:00:00,13.5,79.5,65,,CS,BOB,1200,4.0,20.953183892084905,,,,,,,,,,,,,,
1984,6.0,,1984-11-27 00:00:00,8.5,85.5,25,,D,BOB,1200,1.5,3.0995834159888913,,,,,,SYSTEM CROSSED TN COAST JUST N OF KARAIKAL BET 0900 AND 0930 UTC NEAR (10.9/79.8) OF 1ST DEC,,,,,,,,
1984,6.0,,1984-11-28 00:00:00,9.0,85.0,25,,D,BOB,0300,1.5,3.0995834159888913,,,,,,,,,,,,,,
1984,6.0,,1984-11-28 00:00:00,9.5,84.5,30,,DD,BOB,1200,2.0,4.463400119024003,,,,,,,,,,,,,,
1984,6.0,,1984-11-28 00:00:00,9.5,84.5,35,,DD,BOB,1500,2.5,6.075183495338227,,,,,,,,,,,,,,
1984,6.0,,1984-11-29 00:00:00,9.5,84.5,45,,CS,BOB,0900,3.0,10.042650267804008,,,,,,,,,,,,,,
1984,6.0,,1984-11-30 00:00:00,9.5,84.5,55,,CS,BOB,0000,3.5,15.001983733386234,,,,,,,,,,,,,,
1984,6.0,,1984-11-30 00:00:00,9.5,84.5,115,,SCS,BOB,0300,6.0,65.58718508232494,,,,,,,,,,,,,,
1984,6.0,,1984-12-01 00:00:00,10.8,80.5,115,,SCS,BOB,0300,6.0,65.58718508232494,,,,,,,,,,,,,,
1984,6.0,,1984-12-01 00:00:00,11.0,79.0,55,,CS,BOB,1200,3.5,15.001983733386234,,,,,,,,,,,,,,
1984,6.0,,1984-12-01 00:00:00,11.5,77.5,30,,DD,BOB,1800,2.0,4.463400119024003,,,,,,,,,,,,,,
1984,6.0,,1984-12-02 00:00:00,11.5,74.0,25,,D,BOB,0300,1.5,3.0995834159888913,,,,,,,,,,,,,,
1987,9.0,,1987-12-19 00:00:00,10.5,82.0,25,,D,BOB,1200,1.5,,,,,,,,,,,,,,,
1987,9.0,,1987-12-19 00:00:00,10.5,82.0,25,,D,BOB,1800,1.5,,,,,,,,,,,,,,,
1987,9.0,,1987-12-20 00:00:00,10.5,82.0,25,,D,BOB,0000,1.5,,,,,,,,,,,,,,,
1987,9.0,,1987-12-20 00:00:00,10.5,82.0,25,,D,BOB,0300,1.5,,,,,,,,,,,,,,,
1987,9.0,,1987-12-20 00:00:00,11.0,82.5,25,,D,BOB,1200,1.5,,,,,,,,,,,,,,,
1987,9.0,,1987-12-20 00:00:00,11.5,83.5,25,,D,BOB,1800,1.5,,,,,,,,,,,,,,,
1987,9.0,,1987-12-21 00:00:00,12.0,84.0,25,,D,BOB,0000,1.5,,,,,,,,,,,,,,,
1987,9.0,,1987-12-21 00:00:00,12.0,84.5,30,,DD,BOB,0300,2.0,,,,,,,,,,,,,,,
1987,9.0,,1987-12-21 00:00:00,12.0,89.5,30,,DD,BOB,0600,2.0,,,,,,,,,,,,,,,
1987,9.0,,1987-12-21 00:00:00,12.0,84.5,30,,DD,BOB,1200,2.0,,,,,,,,,,,,,,,
1987,9.0,,1987-12-21 00:00:00,11.5,84.0,30,,DD,BOB,1800,2.0,,,,,,,,,,,,,,,
1987,9.0,,1987-12-22 00:00:00,10.5,83.0,30,,DD,BOB,0000,2.0,,,,,,,,,,,,,,,
1987,9.0,,1987-12-22 00:00:00,10.0,82.0,25,,D,BOB,0300,1.5,,,,,,,,,,,,,,,
1987,9.0,,1987-12-22 00:00:00,10.0,82.0,25,,D,BOB,0600,1.5,,,,,,,,,,,,,,,
1987,9.0,,1987-12-22 00:00:00,10.0,81.5,25,,D,BOB,1200,1.5,,,,,,,,,,,,,,,
1987,9.0,,1987-12-22 00:00:00,10.0,81.0,25,,D,BOB,1800,1.5,,,,,,,,,,,,,,,
1990,1.0,,1990-05-04 00:00:00,8.5,87.0,25,1002,D,BOB,0600,1.5, 4,1006,10,,,,,,,,,,,,
1990,1.0,,1990-05-04 00:00:00,9.5,87.0,25,1000,D,BOB,1200,1.5, 4,1004,5,,,,,,,,,,,,
1990,1.0,,1990-05-04 00:00:00,9.5,86.0,25,1002,D,BOB,1800,1.5, 4,1006,6,,,,,,,,,,,,
1990,1.0,,1990-05-05 00:00:00,10.0,85.5,30, 998,DD,BOB,0000,2.0, 6,1004,6,,,,,,,,,,,,
1990,1.0,,1990-05-05 00:00:00,10.0,85.0, 35, 999,CS,BOB,0600,2.5, 7,1006,5,,,,,,,,,,,,
1990,1.0,,1990-05-05 00:00:00,10.1,84.7, 45, 994,CS,BOB,1200,3.0,10,1004,7,,,,,,,,,,,,
1990,1.0,,1990-05-05 00:00:00,10.3,83.9, 55, 991,SCS,BOB,1800,3.5,15,1006,8,,,,,,,,,,,,
1990,1.0,,1990-05-06 00:00:00,10.3,83.3, 55, 991,SCS,BOB,0000,3.5,15,1006,8,,,,,,,,,,,,
1990,1.0,,1990-05-06 00:00:00,10.0,83.2, 77, 976,VSCS,BOB,0600,4.5,29.4,1006,8,,,,,,,,,,,,
1990,1.0,,1990-05-06 00:00:00,10.2,82.9, 77, 976,VSCS,BOB,1200,4.5,29.4,1004,8,,,,,,,,,,,,
1990,1.0,,1990-05-06 00:00:00,10.3,82.5, 77, 976,VSCS,BOB,1800,4.5,29.4,1006,10,,,,,,,,,,,,
1990,1.0,,1990-05-07 00:00:00,11.3,82.3, 90, 964,ESCS,BOB,0000,5.0,40.2,1004,8,,,,,,,,,,,,
1990,1.0,,1990-05-07 00:00:00,11.3,81.8,115, 940,ESCS,BOB,0600,6.0,65.6,1006,9,,,,,,,,,,,,
1990,1.0,,1990-05-07 00:00:00,11.4,81.7,115, 938,ESCS,BOB,1200,6.0,65.6,1004,8,,,,,,,,,,,,
1990,1.0,,1990-05-07 00:00:00,14.5,80.8,102, 950,ESCS,BOB,1800,5.5,51.6,1002,8,,,,,,,,,,,,
1990,1.0,,1990-05-08 00:00:00,13.3,81.8,127, 924,SUCS,BOB,0000,6.5,80.0,1004,9,,,,,,,,,,,,
1990,1.0,,1990-05-08 00:00:00,13.6,81.4,127, 924,SUCS,BOB,0600,6.5,80.0,1004,8,,,,,,,,,,,,
1990,1.0,,1990-05-08 00:00:00,13.9,81.1,127, 920,SUCS,BOB,1200,6.5,80.0,1000,8,,,,,,,,,,,,
1990,1.0,,1990-05-08 00:00:00,14.5,80.8,102, 950,ESCS,BOB,1800,5.5,51.6,1002,8,,,,,,,,,,,,
1990,1.0,,1990-05-09 00:00:00,15.1,81.0, 90, 960,ESCS,BOB,0000,5.0,40.2,1000,7,,,,,,,,,,,,
1990,1.0,,1990-05-09 00:00:00,15.4,80.9, 90, 960,ESCS,BOB,0600,5.0,40.2,1000,7,,,,,,,,,,,,
1990,1.0,,1990-05-09 00:00:00,15.9,81.0, 90, 956,ESCS,BOB,1200,5.0,40.2, 996,9,,,,,,,,,,,,
1990,1.0,,1990-05-09 00:00:00,16.0,80.5, 65,    ,VSCS,BOB,1800,,,1000,9,,,,,,,,,,,,
1990,1.0,,1990-05-10 00:00:00,16.5,80.0,40,    ,VSCS,BOB,0000,,,1000,8,,,,,,,,,,,,
1990,1.0,,1990-05-10 00:00:00,16.5,79.5,27,    ,SCS,BOB,0600,,,1000,10,,,,,,,,,,,,
1990,1.0,,1990-05-10 00:00:00,17.0,79.0,16,    ,D,BOB,1200,,, 996,10,,,,,,,,,,,,
1990,1.0,,1990-11-16 00:00:00,14.5,73.5, 27,1009,D,ARB,0600,1.5,,    ,,,,,,,,,,,,,
1990,1.0,,1990-11-16 00:00:00,14.5,73.5, 27,1008,D,ARB,1200,1.5,,    ,,,,,,,,,,,,,
1990,1.0,,1990-11-16 00:00:00,14.5,73.5, 27,1009,D,ARB,1800,1.5,,    ,,,,,,,,,,,,,
1990,1.0,,1990-11-17 00:00:00,14.5,73.0, 27,1008,D,ARB,0000,1.5,,    ,,,,,,,,,,,,,
1990,1.0,,1990-11-17 00:00:00,14.0,72.0, 27,1008,D,ARB,0600,1.5,,    ,,,,,,,,,,,,,
1990,1.0,,1990-11-17 00:00:00,14.8,72.0, 33,1007,DD,ARB,1200,2,,    ,,,,,,,,,,,,,
1990,1.0,,1990-11-17 00:00:00,15.0,72.0, 33,1008,DD,ARB,1800,2,,,,,,,,,,,,,,,
1990,1.0,,1990-11-18 00:00:00,15.5,72.5, 27,1009,D,ARB,0000,1.5,,    ,,,,,,,,,,,,,
1991,7.0,-,1991-10-28 00:00:00,10.5,82.0, 25,1002,D,BOB,0600,1.5, 4.0,1006,,,,,,6,,,,,,,
1991,7.0,-,1991-10-28 00:00:00,11.0,81.5, 25,1000,D,BOB,1200,1.5, 4.0,1004,,,,,,7,,,,,,,
1991,7.0,-,1991-10-28 00:00:00,11.5,81.0, 25,1000,D,BOB,1800,1.5, 4.0,1004,,,,,,7,,,,,,,
1991,7.0,-,1991-10-29 00:00:00,12.0,80.5, 25, 998,D,BOB,0000,1.5, 4.0,1002,,,,,,7,,,,,,,
1991,7.0,-,1991-10-29 00:00:00,12.5,79.5, 25,1000,D,BOB,0600,-, 4.0,1004,,,,,,7,,,,,,,
1991,7.0,-,1991-10-29 00:00:00,12.5,79.0, 25, 998,D,BOB,1200,-, 4.0,1002,,,,,,6,,,,,,,
1991,7.0,-,1991-10-29 00:00:00,13.0,78.5, 25,1000,D,BOB,1800,-, 4.0,1004,,,,,,6,,,,,,,
1991,7.0,-,1991-10-30 00:00:00,13.0,78.0, 25,1000,D,BOB,0000,-, 4.0,1004,,,,,,6,,,,,,,
1991,7.0,-,1991-10-30 00:00:00,13.0,77.5, 25,1000,D,BOB,0600,-, 4.0,1004,,,,,,6,,,,,,,
1991,8.0,-,1991-11-11 00:00:00,11.0,87.5, 25,1006,D,BOB,1200,1.5, 4,1010,,,,,,5,,,,,,,
1991,8.0,-,1991-11-11 00:00:00,11.0,87.5, 25,1006,D,BOB,1800,1.5, 4,1010,,,,,,5,,,,,,,
1991,8.0,-,1991-11-12 00:00:00,11.0,87.0, 25,1006,D,BOB,0000,1.5, 4,1010,,,,,,6,,,,,,,
1991,8.0,-,1991-11-12 00:00:00,11.0,86.5, 25,1004,D,BOB,0600,1.5, 4,1008,,,,,,6,,,,,,,
1991,8.0,-,1991-11-12 00:00:00,11.0,86.0, 25,1004,D,BOB,1200,1.5, 4,1008,,,,,,6,,,,,,,
1991,8.0,-,1991-11-12 00:00:00,11.0,85.0, 25,1004,D,BOB,1800,1.5, 4,1008,,,,,,7,,,,,,,
1991,8.0,-,1991-11-13 00:00:00,11.0,84.5, 25,1004,D,BOB,0000,1.5, 4,1008,,,,,,7,,,,,,,
1991,8.0,-,1991-11-13 00:00:00,11.0,83.5, 30,1004,DD,BOB,0600,2.0, 6,1010,,,,,,7,,,,,,,
1991,8.0,-,1991-11-13 00:00:00,11.0,83.0, 35,1000,CS,BOB,1200,2.5, 8,1008,,,,,,7,,,,,,,
1991,8.0,-,1991-11-13 00:00:00,11.0,82.0, 35,1000,CS,BOB,1800,2.5, 8,1008,,,,,,7,,,,,,,
1991,8.0,-,1991-11-14 00:00:00,11.0,81.0, 35,1000,CS,BOB,0000,2.5, 8,1008,,,,,,8,,,,,,,
1991,8.0,-,1991-11-14 00:00:00,10.5,80.5, 45,1000,CS,BOB,0600,3.0,10,1010,,,,,,8,,,,,,,
1991,8.0,-,1991-11-14 00:00:00,11.0,80.5, 45, 998,CS,BOB,1200,3.0,10,1008,,,,,,8,,,,,,,
1991,8.0,-,1991-11-14 00:00:00,11.2,80.0, 45, 998,CS,BOB,1800,3.0,10,1008,,,,,,8,,,,,,,
1991,8.0,-,1991-11-15 00:00:00,11.5,79.7, 35,1000,CS,BOB,0000,2.5, 8,1008,,,,,,7,,,,,,,
1991,8.0,-,1991-11-15 00:00:00,12.0,79.3, 30,1002,DD,BOB,0600,-, 6,1008,,,,,,6,,,,,,,
1991,8.0,-,1991-11-15 00:00:00,12.5,79.0, 25,1000,D,BOB,1200,-, 4,1004,,,,,,5,,,,,,,
1993,1.0,-,1993-11-12 00:00:00,11.5,69.0, 25,1004,D,ARB,0300,1.5, 4,1008,6,,,,,,,,,,,,
1993,1.0,-,1993-11-12 00:00:00,12.0,68.5, 25,1004,D,ARB,0600,1.5, 4,1008,6,,,,,,,,,,,,
1993,1.0,-,1993-11-12 00:00:00,14.0,67.5, 30,1002,DD,ARB,1200,2.0, 6,1008,7,,,,,,,,,,,,
1993,1.0,-,1993-11-12 00:00:00,14.0,66.5, 30,1002,DD,ARB,1800,2.0, 6,1008,7,,,,,,,,,,,,
1993,1.0,-,1993-11-13 00:00:00,15.0,65.5, 35,1000,CS,ARB,0000,2.5, 8,1008,8,,,,,,,,,,,,
1993,1.0,-,1993-11-13 00:00:00,16.0,65.0, 45,1000,CS,ARB,0300,3.0,10,1010,8,,,,,,,,,,,,
1993,1.0,-,1993-11-13 00:00:00,16.5,64.5, 45,1000,CS,ARB,0600,3.0,10,1010,10,,,,,,,,,,,,
1993,1.0,-,1993-11-13 00:00:00,17.5,64.5, 45, 998,CS,ARB,1200,3.0,10,1008,10,,,,,,,,,,,,
1993,1.0,-,1993-11-13 00:00:00,18.5,64.5, 45,1000,CS,ARB,1800,3.0,10,1010,10,,,,,,,,,,,,
1993,1.0,-,1993-11-14 00:00:00,19.5,64.5, 45,1000,CS,ARB,0000,3.0,10,1010,10,,,,,,,,,,,,
1993,1.0,-,1993-11-14 00:00:00,20.0,64.5, 45, 998,CS,ARB,0300,3.0,10,1008,10,,,,,,,,,,,,
1993,1.0,-,1993-11-14 00:00:00,20.0,64.5, 55, 992,SCS,ARB,0600,3.5,16,1008,10,,,,,,,,,,,,
1993,1.0,-,1993-11-14 00:00:00,20.5,64.5, 65, 986,VSCS,ARB,1200,4.0,22,1008,10,,,,,,,,,,,,
1993,1.0,-,1993-11-14 00:00:00,21.5,65.5, 65, 988,VSCS,ARB,1800,4.0,22,1010,10,,,,,,,,,,,,
1993,1.0,-,1993-11-15 00:00:00,22.5,67.0, 55, 998,SCS,ARB,0000,3.5,14,1012,8,,,,,,,,,,,,
1993,1.0,-,1993-11-15 00:00:00,23.5,67.5, 45,1002,CS,ARB,0300,3.0,10,1012,8,,,,,,,,,,,,
1993,1.0,-,1993-11-15 00:00:00,23.5,67.5, 35,1004,CS,ARB,0600,-, 8,1012,7,,,,,,,,,,,,
1993,1.0,-,1993-11-15 00:00:00,23.5,67.5, 30,1004,CS,ARB,1200,-, 6,1010,6,,,,,,,,,,,,
1993,1.0,-,1993-11-15 00:00:00,23.5,67.5, 30,1004,CS,ARB,1800,-, 6,1010,5,,,,,,,,,,,,
1993,2.0,-,1993-11-08 00:00:00,6.5,78.5, 25,1000,D,ARB,0300,1.5, 4,1004,5,,,,,,,,,,,,
1993,2.0,-,1993-11-08 00:00:00,6.5,78.5, 25,1000,D,ARB,0600,1.5, 4,1004,5,,,,,,,,,,,,
1993,2.0,-,1993-11-08 00:00:00,7.0,78.5, 25,1000,D,ARB,1200,1.5, 4,1004,5,,,,,,,,,,,,
1993,2.0,-,1993-11-08 00:00:00,7.5,78.5, 25,1002,D,ARB,1800,1.5, 4,1006,5,,,,,,,,,,,,
1993,2.0,-,1993-11-09 00:00:00,8.5,78.5, 25,1000,D,ARB,0000,-, 4,1004,5,,,,,,,,,,,,
1993,2.0,-,1993-11-09 00:00:00,9.0,78.5, 25,1000,D,ARB,0300,-, 4,1004,5,,,,,,,,,,,,
1993,2.0,-,1993-11-09 00:00:00,9.0,78.0, 25,1000,D,ARB,0600,-, 4,1004,5,,,,,,,,,,,,
1993,2.0,-,1993-11-09 00:00:00,9.0,77.5, 25, 998,D,ARB,1200,-, 4,1002,5,,,,,,,,,,,,
1993,2.0,-,1993-11-09 00:00:00,9.0,77.0, 25,1000,D,ARB,1800,-, 4,1004,5,,,,,,,,,,,,
1993,1.0,-,1993-12-01 00:00:00,7.0,91.0, 25,1002,D,BOB,0600,1.5, 4,1006,5,,,,,,,,,,,,
1993,1.0,-,1993-12-01 00:00:00,8.0,89.0, 30,1000,DD,BOB,1200,2.0, 6,1006,5,,,,,,,,,,,,
1993,1.0,-,1993-12-01 00:00:00,8.0,88.0, 30,1002,DD,BOB,1800,2.0, 6,1008,6,,,,,,,,,,,,
1993,1.0,-,1993-12-02 00:00:00,8.0,87.5, 30,1002,DD,BOB,0000,2.0, 6,1008,6,,,,,,,,,,,,
1993,1.0,-,1993-12-02 00:00:00,8.0,87.0, 30,1000,DD,BOB,0300,2.0, 6,1006,6,,,,,,,,,,,,
1993,1.0,-,1993-12-02 00:00:00,8.5,86.5, 30,1002,DD,BOB,0600,2.5, 6,1008,6,,,,,,,,,,,,
1993,1.0,-,1993-12-02 00:00:00,9.0,85.5, 45, 996,CS,BOB,1200,3.0,10,1006,8,,,,,,,,,,,,
1993,1.0,-,1993-12-02 00:00:00,9.0,85.0, 45, 996,CS,BOB,1800,3.0,10,1006,8,,,,,,,,,,,,
1993,1.0,-,1993-12-03 00:00:00,9.5,84.5, 45, 994,CS,BOB,0000,3.0,10,1004,8,,,,,,,,,,,,
1993,1.0,-,1993-12-03 00:00:00,9.5,83.5, 55, 988,SCS,BOB,0300,3.5,16,1004,8,,,,,,,,,,,,
1993,1.0,-,1993-12-03 00:00:00,9.5,83.0, 55, 988,SCS,BOB,0600,3.5,16,1004,8,,,,,,,,,,,,
1993,1.0,-,1993-12-03 00:00:00,10.0,82.0, 65, 982,VSCS,BOB,1200,4.0,22,1004,8,,,,,,,,,,,,
1993,1.0,-,1993-12-03 00:00:00,10.5,81.5, 65, 982,VSCS,BOB,1800,4.0,22,1004,8,,,,,,,,,,,,
1993,1.0,-,1993-12-04 00:00:00,10.8,80.8, 77, 976,VSCS,BOB,0000,4.5,30,1006,8,,,,,,,,,,,,
1993,1.0,-,1993-12-04 00:00:00,11.0,80.0, 77, 976,VSCS,BOB,0300,4.5,30,1006,8,,,,,,,,,,,,
1993,1.0,-,1993-12-04 00:00:00,11.5,79.0, 90, 968,ESCS,BOB,0600,5.0,40,1008,8,,,,,,,,,,,,
1993,1.0,-,1993-12-04 00:00:00,12.0,78.5, 30, 998,DD,BOB,1200,-, 6,1004,6,,,,,,,,,,,,
1993,2.0,-,1993-12-19 00:00:00,8.5,83.5, 25,1008,D,BOB,0000,1.5, 4,1012,5,,,,,,,,,,,,
1993,2.0,-,1993-12-19 00:00:00,8.5,83.5, 25,1008,D,BOB,0300,1.5, 4,1012,5,,,,,,,,,,,,
1993,2.0,-,1993-12-19 00:00:00,9.0,82.5, 25,1008,D,BOB,0600,1.5, 4,1012,5,,,,,,,,,,,,
1993,2.0,-,1993-12-19 00:00:00,9.5,82.0, 30,1006,DD,BOB,1200,1.5, 6,1012,5,,,,,,,,,,,,
1993,2.0,-,1993-12-19 00:00:00,10.0,81.0, 30,1008,DD,BOB,1800,1.5, 6,1014,5,,,,,,,,,,,,
1993,2.0,-,1993-12-20 00:00:00,10.5,80.5, 25,1008,D,BOB,0000,1.5, 4,1012,5,,,,,,,,,,,,
1993,2.0,-,1993-12-20 00:00:00,11.0,80.5, 25,1008,D,BOB,0300,1.5, 4,1012,5,,,,,,,,,,,,
1993,2.0,-,1993-12-20 00:00:00,11.0,80.5, 25,1008,D,BOB,0600,1.5, 4,1012,5,,,,,,,,,,,,
1993,2.0,-,1993-12-20 00:00:00,11.0,80.5, 25,1008,D,BOB,0900,1.5, 4,1012,4,,,,,,,,,,,,
1994,3.0,-,1994-10-29 00:00:00,9.5,85.0, 25,1006,D,BOB,0300,1.5, 4,1010,4x3,,,,,,,,,,,,
1994,3.0,-,1994-10-29 00:00:00,10.0,84.5, 25,1004,D,BOB,0600,1.5, 4,1008,4x3,,,,,,,,,,,,
1994,3.0,-,1994-10-29 00:00:00,10.5,84.5, 30,1003,DD,BOB,1200,2.0, 5,1008,4x3,,,,,,,,,,,,
1994,3.0,-,1994-10-29 00:00:00,11.0,84.0, 30,1005,DD,BOB,1800,2.0, 5,1010,4x4,,,,,,,,,,,,
1994,3.0,-,1994-10-30 00:00:00,11.5,83.0, 30,1004,DD,BOB,0000,2.0, 6,1010,4x4,,,,,,,,,,,,
1994,3.0,-,1994-10-30 00:00:00,12.0,82.0, 35,1002,CS,BOB,0300,2.5, 8,1010,4x4,,,,,,,,,,,,
1994,3.0,-,1994-10-30 00:00:00,12.2,81.5, 45,1000,CS,BOB,0600,3.0,10,1010,4x4,,,,,,,,,,,,
1994,3.0,-,1994-10-30 00:00:00,12.3,81.0, 55, 992,SCS,BOB,1200,3.5,16,1008,4x4,,,,,,,,,,,,
1994,3.0,-,1994-10-30 00:00:00,12.7,80.5, 60, 990,SCS,BOB,1800,3.5,18,1008,4x4,,,,,,,,,,,,
1994,3.0,-,1994-10-31 00:00:00,13.0,80.3, 60, 988,SCS,BOB,0000,3.5,20,1008,5x4,,,,,,,,,,,,
1994,3.0,-,1994-10-31 00:00:00,13.2,80.0, 55,-,SCS,BOB,0300,-,-,-,-,,,,,,,,,,,,
1994,3.0,-,1994-10-31 00:00:00,13.6,79.5, 35,-,CS,BOB,0600,-,-,-,-,,,,,,,,,,,,
1994,3.0,-,1994-10-31 00:00:00,14.0,78.5, 30,-,DD,BOB,1200,-,-,-,-,,,,,,,,,,,,
1994,3.0,-,1994-10-31 00:00:00,14.5,78.0,,,,BOB,1800,WML,,    ,,,,,,,,,,,,,
1995,1.0,,1995-05-05 00:00:00,11.0,80.5, 25, 998,D,BOB,2100,1.5, 4,1002,3x3,,,,,,,,,,,,
1995,1.0,,1995-05-06 00:00:00,11.5,80.5, 25, 998,D,BOB,0000,1.5, 4,1002,3x3,,,,,,,,,,,,
1995,1.0,,1995-05-06 00:00:00,11.5,80.5, 25, 998,D,BOB,0300,1.5, 4,1002,3x3,,,,,,,,,,,,
1995,1.0,,1995-05-06 00:00:00,11.5,80.5, 25, 997,D,BOB,0600,1.5, 5,1002,3x4,,,,,,,,,,,,
1995,1.0,,1995-05-06 00:00:00,11.5,80.0, 30, 996,DD,BOB,0900,2.0, 6,1002,3x4,,,,,,,,,,,,
1995,1.0,,1995-05-06 00:00:00,12.0,79.5,-,-,D,BOB,1200,-,-,Over,land,,,,,,,,,,,,
1995,1.0,,1995-05-06 00:00:00,12.5,78.5,-,-,D,BOB,1800,-,-,-,-,,,,,,,,,,,,
1996,9.0,,1996-11-28 00:00:00,11.5,86.5, 25,1004,D,BOB,0300,1.5,-,    ,,,,,,,,,,,,,
1996,9.0,,1996-11-28 00:00:00,12.0,86.0, 25,1004,D,BOB,0600,1.5,-,    ,,,,,,,,,,,,,
1996,9.0,,1996-11-28 00:00:00,12.5,85.5, 25,1004,D,BOB,1200,1.5,-,    ,,,,,,,,,,,,,
1996,9.0,,1996-11-28 00:00:00,13.0,85.5, 25,1004,D,BOB,1800,1.5,-,    ,,,,,,,,,,,,,
1996,9.0,,1996-11-29 00:00:00,13.0,85.5, 25,1004,D,BOB,0000,1.5,-,    ,,,,,,,,,,,,,
1996,9.0,,1996-11-29 00:00:00,12.5,85.0, 30,1002,DD,BOB,0300,2.0,-,    ,,,,,,,,,,,,,
1996,9.0,,1996-11-29 00:00:00,13.0,85.5, 30,1002,DD,BOB,0600,2.0,-,    ,,,,,,,,,,,,,
1996,9.0,,1996-11-29 00:00:00,13.5,86.0, 30,1002,DD,BOB,1200,2.0,-,    ,,,,,,,,,,,,,
1996,9.0,,1996-11-29 00:00:00,14.0,87.0, 30,1002,DD,BOB,1800,2.0,-,    ,,,,,,,,,,,,,
1996,9.0,,1996-11-30 00:00:00,14.5,87.5, 30,1002,DD,BOB,0000,2.0,-,    ,,,,,,,,,,,,,
1996,9.0,,1996-11-30 00:00:00,14.5,87.5, 30,1002,DD,BOB,0300,2.0,-,    ,,,,,,,,,,,,,
1996,9.0,,1996-11-30 00:00:00,15.0,88.0, 30,1002,DD,BOB,0600,2.0,-,    ,,,,,,,,,,,,,
1996,9.0,,1996-11-30 00:00:00,15.5,88.5, 25,1004,D,BOB,1200,1.5,-,    ,,,,,,,,,,,,,
1996,9.0,,1996-11-30 00:00:00,15.0,89.0, 25,1004,D,BOB,1800,1.5,-,    ,,,,,,,,,,,,,
1996,9.0,,1996-12-01 00:00:00,14.5,89.0, 25,1004,D,BOB,0000,1.5,-,    ,,,,,,,,,,,,,
1996,9.0,,1996-12-01 00:00:00,14.5,89.0, 25,1004,D,BOB,0300,1.5,-,    ,,,,,,,,,,,,,
1996,9.0,,1996-12-01 00:00:00,14.5,88.5, 25,1004,D,BOB,0600,1.5,-,    ,,,,,,,,,,,,,
1996,9.0,,1996-12-01 00:00:00,14.5,88.5, 30,1002,DD,BOB,1200,2.0,-,    ,,,,,,,,,,,,,
1996,9.0,,1996-12-01 00:00:00,14.5,88.0, 30,1002,DD,BOB,1800,2.0,-,    ,,,,,,,,,,,,,
1996,9.0,,1996-12-02 00:00:00,14.0,87.0, 35, 996,CS,BOB,0000,2.5,-,    ,,,,,,,,,,,,,
1996,9.0,,1996-12-02 00:00:00,14.0,87.0, 35, 996,CS,BOB,0300,2.5,-,    ,,,,,,,,,,,,,
1996,9.0,,1996-12-02 00:00:00,14.0,87.0, 35, 994,CS,BOB,0600,2.5,-,    ,,,,,,,,,,,,,
1996,9.0,,1996-12-02 00:00:00,14.0,86.0, 35, 994,CS,BOB,1200,2.5,-,    ,,,,,,,,,,,,,
1996,9.0,,1996-12-02 00:00:00,14.0,85.5, 35, 994,CS,BOB,1800,2.5,-,    ,,,,,,,,,,,,,
1996,9.0,,1996-12-03 00:00:00,14.0,85.0, 45, 994,CS,BOB,0000,3.0,-,    ,,,,,,,,,,,,,
1996,9.0,,1996-12-03 00:00:00,14.0,84.5, 55, 992,SCS,BOB,0300,3.5,-,    ,,,,,,,,,,,,,
1996,9.0,,1996-12-03 00:00:00,14.3,84.0, 55, 992,SCS,BOB,0600,3.5,-,    ,,,,,,,,,,,,,
1996,9.0,,1996-12-03 00:00:00,14.5,83.5, 65, 988,VSCS,BOB,1200,4.0,-,    ,,,,,,,,,,,,,
1996,9.0,,1996-12-03 00:00:00,14.7,83.0, 65, 986,VSCS,BOB,1800,4.0,-,    ,,,,,,,,,,,,,
1996,9.0,,1996-12-04 00:00:00,14.7,83.0, 65, 986,VSCS,BOB,0000,4.0,-,    ,,,,,,,,,,,,,
1996,9.0,,1996-12-04 00:00:00,14.8,82.2, 65, 986,VSCS,BOB,0300,4.0,-,    ,,,,,,,,,,,,,
1996,9.0,,1996-12-04 00:00:00,15.1,82.0, 65, 986,VSCS,BOB,0600,4.0,-,    ,,,,,,,,,,,,,
1996,9.0,,1996-12-04 00:00:00,15.3,81.4, 65, 984,VSCS,BOB,1200,4.0,-,    ,,,,,,,,,,,,,
1996,9.0,,1996-12-04 00:00:00,15.5,81.4, 65, 990,VSCS,BOB,1800,4.0,-,    ,,,,,,,,,,,,,
1996,9.0,,1996-12-05 00:00:00,15.0,81.3, 55, 992,SCS,BOB,0000,3.5,-,    ,,,,,,,,,,,,,
1996,9.0,,1996-12-05 00:00:00,14.5,82.0, 55, 994,SCS,BOB,0300,3.5,-,    ,,,,,,,,,,,,,
1996,9.0,,1996-12-05 00:00:00,14.5,81.7, 45, 994,CS,BOB,0600,3.0,-,    ,,,,,,,,,,,,,
1996,9.0,,1996-12-05 00:00:00,14.3,81.7, 45, 994,CS,BOB,1200,3.0,-,    ,,,,,,,,,,,,,
1996,9.0,,1996-12-05 00:00:00,14.0,81.5, 45, 994,CS,BOB,1800,3.0,-,    ,,,,,,,,,,,,,
1996,9.0,,1996-12-06 00:00:00,13.7,81.2, 45, 994,CS,BOB,0000,3.0,-,    ,,,,,,,,,,,,,
1996,9.0,,1996-12-06 00:00:00,13.7,81.1, 45, 994,CS,BOB,0300,3.0,-,    ,,,,,,,,,,,,,
1996,9.0,,1996-12-06 00:00:00,13.5,80.7, 45, 994,CS,BOB,0600,3.0,-,    ,,,,,,,,,,,,,
1996,9.0,,1996-12-06 00:00:00,13.2,80.5,45, 994,CS,BOB,1200,3.0,-,    ,,,,,,,,,,,,,
1996,9.0,,1996-12-06 00:00:00,12.0,80.0,-,-,CS,BOB,1800,-,-,Over,land,,,,,,,,,,,,
2000,5.0,,2000-11-26 00:00:00,8.5,91.5, 25,1004,D,BOB,0300,1.5,,    ,,,,,,, 4,,,,,,
2000,5.0,,2000-11-26 00:00:00,9.5,90.5, 25,1004,D,BOB,0600,1.5,,    ,,,,,,, 4,,,,,,
2000,5.0,,2000-11-26 00:00:00,9.5,91.0, 25,1004,D,BOB,0900,1.5,,    ,,,,,,, 4,,,,,,
2000,5.0,,2000-11-26 00:00:00,10.0,89.5, 25,1004,D,BOB,1200,1.5,,    ,,,,,,, 4,,,,,,
2000,5.0,,2000-11-26 00:00:00,10.0,90.0, 30,1004,DD,BOB,1500,2.0,,    ,,,,,,, 6,,,,,,
2000,5.0,,2000-11-26 00:00:00,10.0,90.0, 30,1002,DD,BOB,1800,2.0,,    ,,,,,,, 6,,,,,,
2000,5.0,,2000-11-27 00:00:00,10.5,88.0, 30,1002,DD,BOB,0000,2.0,,    ,,,,,,, 6,,,,,,
2000,5.0,,2000-11-27 00:00:00,11.0,87.5, 30,1004,DD,BOB,0300,2.0,,    ,,,,,,, 6,,,,,,
2000,5.0,,2000-11-27 00:00:00,11.0,87.0, 30,1002,DD,BOB,0600,2.0,,    ,,,,,,, 8,,,,,,
2000,5.0,,2000-11-27 00:00:00,11.0,86.5, 35, 998,CS,BOB,0900,2.5,,    ,,,,,,,10,,,,,,
2000,5.0,,2000-11-27 00:00:00,11.0,86.0, 45, 998,CS,BOB,1200,3.0,,    ,,,,,,,10,,,,,,
2000,5.0,,2000-11-27 00:00:00,11.0,85.5, 45, 998,CS,BOB,1500,3.0,,    ,,,,,,,10,,,,,,
2000,5.0,,2000-11-27 00:00:00,11.0,85.0, 45, 998,CS,BOB,1800,3.0,,    ,,,,,,,10,,,,,,
2000,5.0,,2000-11-27 00:00:00,11.0,84.5, 45, 998,CS,BOB,2100,3.0,,    ,,,,,,,10,,,,,,
2000,5.0,,2000-11-28 00:00:00,11.5,84.0, 55, 992,SCS,BOB,0000,3.5,,    ,,,,,,,15,,,,,,
2000,5.0,,2000-11-28 00:00:00,11.5,83.5, 55, 992,SCS,BOB,0300,3.5,,    ,,,,,,,15,,,,,,
2000,5.0,,2000-11-28 00:00:00,11.5,83.0, 65, 986,VSCS,BOB,0600,4.0,,    ,,,,,,,20,,,,,,
2000,5.0,,2000-11-28 00:00:00,11.5,82.5, 65, 986,VSCS,BOB,0900,4.0,,    ,,,,,,,20,,,,,,
2000,5.0,,2000-11-28 00:00:00,11.5,82.0, 77, 978,VSCS,BOB,1200,4.5,,    ,,,,,,,30,,,,,,
2000,5.0,,2000-11-28 00:00:00,11.5,81.8, 90, 968,ESCS,BOB,1500,5.0,,    ,,,,,,,40,,,,,,
2000,5.0,,2000-11-28 00:00:00,11.5,81.5,102, 958,ESCS,BOB,1800,5.5,,    ,,,,,,,52,,,,,,
2000,5.0,,2000-11-28 00:00:00,11.5,81.2,102, 958,ESCS,BOB,2100,5.5,,    ,,,,,,,52,,,,,,
2000,5.0,,2000-11-29 00:00:00,11.5,81.0, 90, 968,ESCS,BOB,0000,5.0,,    ,,,,,,,40,,,,,,
2000,5.0,,2000-11-29 00:00:00,11.5,80.5, 90, 966,ESCS,BOB,0300,5.0,,    ,,,,,,,40,,,,,,
2000,5.0,,2000-11-29 00:00:00,11.5,80.5, 77, 976,VSCS,BOB,0600,4.5,,    ,,,,,,,30,,,,,,
2000,5.0,,2000-11-29 00:00:00,11.5,80.0, 77, 976,VSCS,BOB,0900,4.5,,    ,,,,,,,30,,,,,,
2000,5.0,,2000-11-29 00:00:00,11.5,80.0, 55, 998,SCS,BOB,1200,,,    ,,,,,,,10,,,,,,
2000,5.0,,2000-11-29 00:00:00,11.0,78.5, 45, 998,CS,BOB,1800,,,    ,,,,,,,10,,,,,,
2000,5.0,,2000-11-30 00:00:00,11.5,78.0, 30,1002,DD,BOB,0300,,,    ,,,,,,, 4,,,,,,
2000,5.0,,2000-11-30 00:00:00,11.5,77.0, 25,1004,D,BOB,0600,,,    ,,,,,,, 2,,,,,,
2005,9.0,,2005-11-20 00:00:00,8.0,84.5, 25,1002,D,BOB,0300,1.5,,    ,,,,,,, 4,,,,,,
2005,9.0,,2005-11-20 00:00:00,8.0,84.5, 25,1002,D,BOB,0600,1.5,,    ,,,,,,, 4,,,,,,
2005,9.0,,2005-11-20 00:00:00,8.0,84.5, 25,1002,D,BOB,0900,1.5,,    ,,,,,,, 4,,,,,,
2005,9.0,,2005-11-20 00:00:00,8.0,84.0, 25,1002,D,BOB,1200,1.5,,    ,,,,,,, 4,,,,,,
2005,9.0,,2005-11-20 00:00:00,8.0,84.0, 25,1002,D,BOB,1500,1.5,,    ,,,,,,, 4,,,,,,
2005,9.0,,2005-11-20 00:00:00,8.0,84.0, 25,1002,D,BOB,1800,1.5,,    ,,,,,,, 4,,,,,,
2005,9.0,,2005-11-20 00:00:00,8.0,84.0, 25,1002,D,BOB,2100,1.5,,    ,,,,,,, 4,,,,,,
2005,9.0,,2005-11-21 00:00:00,8.0,84.0, 25,1002,D,BOB,0000,1.5,,    ,,,,,,, 4,,,,,,
2005,9.0,,2005-11-21 00:00:00,8.5,83.0, 25,1002,D,BOB,0300,1.5,,    ,,,,,,, 4,,,,,,
2005,9.0,,2005-11-21 00:00:00,8.5,83.0, 25,1002,D,BOB,0600,1.5,,    ,,,,,,, 4,,,,,,
2005,9.0,,2005-11-21 00:00:00,9.0,82.0, 25,1002,D,BOB,0900,1.5,,    ,,,,,,, 4,,,,,,
2005,9.0,,2005-11-21 00:00:00,9.0,81.5, 25,1002,D,BOB,1200,1.5,,    ,,,,,,, 4,,,,,,
2005,9.0,,2005-11-21 00:00:00,9.0,81.5, 25,1002,D,BOB,1500,1.5,,    ,,,,,,, 4,,,,,,
2005,9.0,,2005-11-21 00:00:00,9.0,81.0, 25,1002,D,BOB,1800,1.5,,    ,,,,,,, 4,,,,,,
2005,9.0,,2005-11-21 00:00:00,9.0,81.0, 25,1002,D,BOB,2100,1.5,,    ,,,,,,, 4,,,,,,
2005,9.0,,2005-11-22 00:00:00,9.0,80.5, 25,1002,D,BOB,0000,1.5,,    ,,,,,,, 4,,,,,,
2005,9.0,,2005-11-22 00:00:00,9.0,80.0, 25,1002,D,BOB,0300,1.5,,    ,,,,,,, 4,,,,,,
2005,9.0,,2005-11-22 00:00:00,9.0,79.5, 25,1002,D,BOB,0600,1.5,,    ,,,,,,, 4,,,,,,
2005,9.0,,2005-11-22 00:00:00,9.5,79.5, 25,1002,D,BOB,0900,1.5,,    ,,,,,,, 4,,,,,,
2005,10.0,BAAZ,2005-11-28 00:00:00,10.5,90.5, 25,1006,D,BOB,0300,1.5,,    ,,,,,,, 4,,,,,,
2005,10.0,BAAZ,2005-11-28 00:00:00,10.5,90.0, 30,1004,DD,BOB,0600,2.0,,    ,,,,,,, 5,,,,,,
2005,10.0,BAAZ,2005-11-28 00:00:00,10.5,89.0, 30,1004,DD,BOB,0900,2.0,,    ,,,,,,, 5,,,,,,
2005,10.0,BAAZ,2005-11-28 00:00:00,10.5,88.5, 30,1004,DD,BOB,1200,2.0,,    ,,,,,,, 5,,,,,,
2005,10.0,BAAZ,2005-11-28 00:00:00,10.5,88.0, 30,1004,DD,BOB,1500,2.0,,    ,,,,,,, 5,,,,,,
2005,10.0,BAAZ,2005-11-28 00:00:00,10.5,88.0, 35,1004,CS,BOB,1800,2.5,,    ,,,,,,, 6,,,,,,
2005,10.0,BAAZ,2005-11-28 00:00:00,10.5,88.0, 35,1004,CS,BOB,2100,2.5,,    ,,,,,,, 6,,,,,,
2005,10.0,BAAZ,2005-11-29 00:00:00,10.5,87.5, 35,1002,CS,BOB,0000,2.5,,    ,,,,,,, 6,,,,,,
2005,10.0,BAAZ,2005-11-29 00:00:00,10.5,87.0, 45,1002,CS,BOB,0300,3.0,,    ,,,,,,, 8,,,,,,
2005,10.0,BAAZ,2005-11-29 00:00:00,11.0,86.0, 45, 998,CS,BOB,0600,3.0,,    ,,,,,,,10,,,,,,
2005,10.0,BAAZ,2005-11-29 00:00:00,11.5,85.0, 45, 998,CS,BOB,0900,3.0,,    ,,,,,,,10,,,,,,
2005,10.0,BAAZ,2005-11-29 00:00:00,12.0,84.0, 45, 998,CS,BOB,1200,3.0,,    ,,,,,,,10,,,,,,
2005,10.0,BAAZ,2005-11-29 00:00:00,12.0,84.0, 45, 998,CS,BOB,1500,3.0,,    ,,,,,,,10,,,,,,
2005,10.0,BAAZ,2005-11-29 00:00:00,12.0,84.0, 45, 998,CS,BOB,1800,3.0,,    ,,,,,,,10,,,,,,
2005,10.0,BAAZ,2005-11-29 00:00:00,12.0,84.0, 45, 998,CS,BOB,2100,3.0,,    ,,,,,,,10,,,,,,
2005,10.0,BAAZ,2005-11-30 00:00:00,12.0,84.0, 45, 998,CS,BOB,0000,3.0,,    ,,,,,,,10,,,,,,
2005,10.0,BAAZ,2005-11-30 00:00:00,12.0,84.0, 45, 998,CS,BOB,0300,3.0,,    ,,,,,,,10,,,,,,
2005,10.0,BAAZ,2005-11-30 00:00:00,12.5,84.0, 35, 998,CS,BOB,0600,2.5,,    ,,,,,,, 8,,,,,,
2005,10.0,BAAZ,2005-11-30 00:00:00,12.5,84.0, 35, 998,CS,BOB,0900,2.5,,    ,,,,,,, 6,,,,,,
2005,10.0,BAAZ,2005-11-30 00:00:00,12.5,84.0, 35, 998,CS,BOB,1200,2.5,,    ,,,,,,, 6,,,,,,
2005,10.0,BAAZ,2005-11-30 00:00:00,12.5,84.0, 35, 998,CS,BOB,1500,2.5,,    ,,,,,,, 6,,,,,,
2005,10.0,BAAZ,2005-11-30 00:00:00,12.5,84.0, 35, 998,CS,BOB,1800,2.5,,    ,,,,,,, 6,,,,,,
2005,10.0,BAAZ,2005-11-30 00:00:00,12.5,84.0, 35, 998,CS,BOB,2100,2.5,,    ,,,,,,, 6,,,,,,
2005,10.0,BAAZ,2005-12-01 00:00:00,12.5,84.0, 35, 998,CS,BOB,0000,2.5,,    ,,,,,,, 6,,,,,,
2005,10.0,BAAZ,2005-12-01 00:00:00,12.5,84.0, 35, 998,CS,BOB,0300,2.5,,    ,,,,,,, 6,,,,,,
2005,10.0,BAAZ,2005-12-01 00:00:00,12.5,83.5, 35, 998,CS,BOB,0600,2.5,,    ,,,,,,, 6,,,,,,
2005,10.0,BAAZ,2005-12-01 00:00:00,12.5,83.5, 35, 998,CS,BOB,0900,2.5,,    ,,,,,,, 6,,,,,,
2005,10.0,BAAZ,2005-12-01 00:00:00,12.5,83.5, 30, 998,DD,BOB,1200,2.0,,    ,,,,,,, 5,,,,,,
2005,10.0,BAAZ,2005-12-01 00:00:00,12.5,83.5, 30, 998,DD,BOB,1500,2.0,,    ,,,,,,, 5,,,,,,
2005,10.0,BAAZ,2005-12-01 00:00:00,13.0,83.0, 30, 998,DD,BOB,1800,2.0,,    ,,,,,,, 5,,,,,,
2005,10.0,BAAZ,2005-12-01 00:00:00,13.0,83.0, 30, 998,DD,BOB,2100,2.0,,    ,,,,,,, 5,,,,,,
2005,10.0,BAAZ,2005-12-02 00:00:00,13.0,82.5, 25,1002,D,BOB,0000,1.5,,    ,,,,,,, 4,,,,,,
2005,10.0,BAAZ,2005-12-02 00:00:00,13.0,82.5, 25,1004,D,BOB,0300,1.5,,    ,,,,,,, 4,,,,,,
2005,11.0,FANOOS,2005-12-06 00:00:00,10.5,89.5, 25,1006,D,BOB,0300,1.5,,    ,,,,,,, 4,,,,,,
2005,11.0,FANOOS,2005-12-06 00:00:00,10.5,89.5, 25,1004,D,BOB,0600,1.5,,    ,,,,,,, 4,,,,,,
2005,11.0,FANOOS,2005-12-06 00:00:00,11.0,89.0, 30,1004,DD,BOB,0900,2.0,,    ,,,,,,, 5,,,,,,
2005,11.0,FANOOS,2005-12-06 00:00:00,11.0,89.0, 30,1004,DD,BOB,1200,2.0,,    ,,,,,,, 5,,,,,,
2005,11.0,FANOOS,2005-12-06 00:00:00,11.0,89.0, 30,1004,DD,BOB,1500,2.0,,    ,,,,,,, 5,,,,,,
2005,11.0,FANOOS,2005-12-06 00:00:00,11.0,88.5, 30,1004,DD,BOB,1800,2.0,,    ,,,,,,, 5,,,,,,
2005,11.0,FANOOS,2005-12-06 00:00:00,11.0,88.5, 30,1004,DD,BOB,2100,2.0,,    ,,,,,,, 5,,,,,,
2005,11.0,FANOOS,2005-12-07 00:00:00,11.0,88.5, 30,1002,DD,BOB,0000,2.0,,    ,,,,,,, 5,,,,,,
2005,11.0,FANOOS,2005-12-07 00:00:00,11.0,87.5, 35,1000,CS,BOB,0300,2.5,,    ,,,,,,, 6,,,,,,
2005,11.0,FANOOS,2005-12-07 00:00:00,11.0,87.0, 40,1000,CS,BOB,0600,3.0,,    ,,,,,,, 8,,,,,,
2005,11.0,FANOOS,2005-12-07 00:00:00,11.0,86.5, 45, 998,CS,BOB,0900,3.0,,    ,,,,,,,10,,,,,,
2005,11.0,FANOOS,2005-12-07 00:00:00,11.0,86.5, 45, 998,CS,BOB,1200,3.0,,    ,,,,,,,10,,,,,,
2005,11.0,FANOOS,2005-12-07 00:00:00,11.0,86.5, 45, 998,CS,BOB,1500,3.0,,    ,,,,,,,10,,,,,,
2005,11.0,FANOOS,2005-12-07 00:00:00,11.0,86.0, 45, 998,CS,BOB,1800,3.0,,    ,,,,,,,10,,,,,,
2005,11.0,FANOOS,2005-12-07 00:00:00,11.0,86.0, 45, 998,CS,BOB,2100,3.0,,    ,,,,,,,10,,,,,,
2005,11.0,FANOOS,2005-12-08 00:00:00,11.0,86.0, 45, 998,CS,BOB,0000,3.0,,    ,,,,,,,10,,,,,,
2005,11.0,FANOOS,2005-12-08 00:00:00,10.5,86.0, 45, 998,CS,BOB,0300,3.0,,    ,,,,,,,10,,,,,,
2005,11.0,FANOOS,2005-12-08 00:00:00,10.5,85.5, 45, 998,CS,BOB,0600,3.0,,    ,,,,,,,10,,,,,,
2005,11.0,FANOOS,2005-12-08 00:00:00,10.5,85.0, 45, 998,CS,BOB,0900,3.0,,    ,,,,,,,10,,,,,,
2005,11.0,FANOOS,2005-12-08 00:00:00,10.5,84.5, 45, 998,CS,BOB,1200,3.0,,    ,,,,,,,10,,,,,,
2005,11.0,FANOOS,2005-12-08 00:00:00,10.5,84.5, 45, 998,CS,BOB,1500,3.0,,    ,,,,,,,10,,,,,,
2005,11.0,FANOOS,2005-12-08 00:00:00,10.5,84.0, 45, 998,CS,BOB,1800,3.0,,    ,,,,,,,10,,,,,,
2005,11.0,FANOOS,2005-12-08 00:00:00,10.5,84.0, 45, 998,CS,BOB,2100,3.0,,    ,,,,,,,10,,,,,,
2005,11.0,FANOOS,2005-12-09 00:00:00,10.5,83.5, 45, 998,CS,BOB,0000,3,,    ,,,,,,,10,,,,,,
2005,11.0,FANOOS,2005-12-09 00:00:00,10.5,83.0, 45, 998,CS,BOB,0300,3.0,,    ,,,,,,,10,,,,,,
2005,11.0,FANOOS,2005-12-09 00:00:00,10.5,83.0, 45, 998,CS,BOB,0600,3.0,,    ,,,,,,,10,,,,,,
2005,11.0,FANOOS,2005-12-09 00:00:00,10.5,82.5, 45, 998,CS,BOB,0900,3.0,,    ,,,,,,,10,,,,,,
2005,11.0,FANOOS,2005-12-09 00:00:00,10.5,82.0, 45, 998,CS,BOB,1200,3.0,,    ,,,,,,,10,,,,,,
2005,11.0,FANOOS,2005-12-09 00:00:00,10.5,81.5, 45, 998,CS,BOB,1500,3.0,,    ,,,,,,,10,,,,,,
2005,11.0,FANOOS,2005-12-09 00:00:00,10.5,81.5, 35,1000,CS,BOB,1800,2.5,,    ,,,,,,, 6,,,,,,
2005,11.0,FANOOS,2005-12-09 00:00:00,10.5,81.0, 35,1000,CS,BOB,2100,2.5,,    ,,,,,,, 6,,,,,,
2005,10.0,FANOOS,2005-12-10 00:00:00,10.4,79.8,30,1001,DD,BOB,0300,-,,CROSSING THE COAST NEAR VEDARANYAM (10 4N/79.85E),,,,,,,5,,,,,,
2005,11.0,FANOOS,2005-12-10 00:00:00,10.5,79.5,25,1002,D,BOB,0600,-,,CLOSE TO VEDARANYAM OVER LAND,,,,,,,4,,,,,,
2005,11.0,FANOOS,2005-12-10 00:00:00,10.5,79.5,20,1003,D,BOB,0900,-,,CLOSE TO VEDARANYAM OVER LAND,,,,,,,3,,,,,,
2005,11.0,FANOOS,2005-12-10 00:00:00,10.5,79.5,20,1003,D,BOB,1200,-,,CLOSE TO VEDARANYAM OVER LAND,,,,,,,3,,,,,,
2008,9.0,NISHA,25-11-2008,8.5,81.0,25,1001,D,BOB,900,1.5,,,,,,,,,4,,,,,,
2008,9.0,NISHA,25-11-2008,8.5,81.0,30,1001,DD,BOB,1200,2,,,,,,,,,5,,,,,,
2008,9.0,NISHA,25-11-2008,9.0,81.0,30,1001,DD,BOB,1500,2,,,,,,,,,5,,,,,,
2008,9.0,NISHA,25-11-2008,9.5,80.5,30,1002,DD,BOB,1800,2,,,,,,,,,5,,,,,,
2008,9.0,NISHA,25-11-2008,10.0,80.0,30,1002,DD,BOB,2100,2,,,,,,,,,5,,,,,,
2008,9.0,NISHA,26-11-2008,10.0,80.0,30,1000,DD,BOB,0,2,,,,,,,,,6,,,,,,
2008,9.0,NISHA,26-11-2008,10.5,80.0,40,1000,CS,BOB,300,2.5,,,,,,,,,8,,,,,,
2008,9.0,NISHA,26-11-2008,10.5,80.0,40,1000,CS,BOB,600,2.5,,,,,,,,,8,,,,,,
2008,9.0,NISHA,26-11-2008,10.5,80.0,45,996,CS,BOB,900,3,,,,,,,,,10,,,,,,
2008,9.0,NISHA,26-11-2008,10.8,80.0,45,996,CS,BOB,1200,3,,,,,,,,,10,,,,,,
2008,9.0,NISHA,26-11-2008,11.0,80.0,45,998,CS,BOB,1500,3,,,,,,,,,10,,,,,,
2008,9.0,NISHA,26-11-2008,11.0,80.0,45,998,CS,BOB,1800,3,,,,,,,,,10,,,,,,
2008,9.0,NISHA,26-11-2008,11.0,80.0,45,996,CS,BOB,2100,3,,,,,,,,,10,,,,,,
2008,9.0,NISHA,27-11-2008,11.3,79.9,45,996,CS,BOB,0,3,,,,,,,,,10,,,,,,
2008,9.0,NISHA,27-11-2008,11.5,79.5,40,1000,CS,BOB,300,-,,,,,,,,,8,,,,,,
2008,9.0,NISHA,27-11-2008,12.0,79.0,30,1000,DD,BOB,900,-,,,,,,,,,5,,,,,,
2008,9.0,NISHA,27-11-2008,12.0,78.5,20,1000,D,BOB,1200,-,,,,,,,,,3,,,,,,
2009,8.0,WARD,2009-10-12 00:00:00,6.5,85.0,25,1004,D,BOB,900,1.5,3,,,,,,,,,,,,,,
2009,8.0,WARD,2009-10-12 00:00:00,6.5,85.0,25,1004,D,BOB,1200,1.5,3,,,,,,,,,,,,,,
2009,8.0,WARD,2009-10-12 00:00:00,6.5,85.0,25,1003,D,BOB,1800,1.5,4,,,,,,,,,,,,,,
2009,8.0,WARD,2009-11-12 00:00:00,7.0,84.5,30,1000,DD,BOB,0,2,5,,,,,,,,,,,,,,
2009,8.0,WARD,2009-11-12 00:00:00,7.0,84.5,30,1000,DD,BOB,300,2,5,,,,,,,,,,,,,,
2009,8.0,WARD,2009-11-12 00:00:00,8.0,84.5,30,1000,DD,BOB,600,2,5,,,,,,,,,,,,,,
2009,8.0,WARD,2009-11-12 00:00:00,8.5,84.5,35,998,CS,BOB,900,2.5,6,,,,,,,,,,,,,,
2009,8.0,WARD,2009-11-12 00:00:00,8.5,84.5,35,998,CS,BOB,1200,2.5,6,,,,,,,,,,,,,,
2009,8.0,WARD,2009-11-12 00:00:00,9.0,84.5,35,998,CS,BOB,1500,2.5,6,,,,,,,,,,,,,,
2009,8.0,WARD,2009-11-12 00:00:00,9.0,84.5,40,998,CS,BOB,1800,2.5,8,,,,,,,,,,,,,,
2009,8.0,WARD,2009-11-12 00:00:00,9.5,84.5,45,996,CS,BOB,2100,3,10,,,,,,,,,,,,,,
2009,8.0,WARD,2009-12-12 00:00:00,10.0,84.5,45,996,CS,BOB,0,3,10,,,,,,,,,,,,,,
2009,8.0,WARD,2009-12-12 00:00:00,10.0,84.5,45,996,CS,BOB,300,3,10,,,,,,,,,,,,,,
2009,8.0,WARD,2009-12-12 00:00:00,10.0,84.5,45,996,CS,BOB,600,3,10,,,,,,,,,,,,,,
2009,8.0,WARD,2009-12-12 00:00:00,10.0,84.0,40,998,CS,BOB,900,2.5,8,,,,,,,,,,,,,,
2009,8.0,WARD,2009-12-12 00:00:00,10.0,83.5,35,998,CS,BOB,1200,2.5,6,,,,,,,,,,,,,,
2009,8.0,WARD,2009-12-12 00:00:00,10.0,83.5,35,998,CS,BOB,1500,2.5,6,,,,,,,,,,,,,,
2009,8.0,WARD,2009-12-12 00:00:00,9.5,83.5,30,1000,DD,BOB,1800,2,5,,,,,,,,,,,,,,
2009,8.0,WARD,2009-12-13 00:00:00,9.5,83.0,30,1000,DD,BOB,0,2,5,,,,,,,,,,,,,,
2009,8.0,WARD,2009-12-13 00:00:00,9.5,83.0,30,1000,DD,BOB,300,2,5,,,,,,,,,,,,,,
2009,8.0,WARD,2009-12-13 00:00:00,9.0,83.0,30,1002,DD,BOB,600,2,5,,,,,,,,,,,,,,
2009,8.0,WARD,2009-12-13 00:00:00,9.0,83.0,30,1002,DD,BOB,1200,2,5,,,,,,,,,,,,,,
2009,8.0,WARD,2009-12-13 00:00:00,9.0,82.5,30,1002,DD,BOB,1800,2,5,,,,,,,,,,,,,,
2009,8.0,WARD,2009-12-14 00:00:00,9.0,82.0,30,1002,DD,BOB,0,2,5,,,,,,,,,,,,,,
2009,8.0,WARD,2009-12-14 00:00:00,8.5,81.5,30,1004,DD,BOB,300,2,5,,,,,,,,,,,,,,
2009,8.0,WARD,2009-12-14 00:00:00,8.5,81.5,30,1004,DD,BOB,600,2,5,,,,,,,,,,,,,,
2009,8.0,WARD,2009-12-14 00:00:00,8.5,81.0,25,1004,D,BOB,900,-,4,,,,,,,,,,,,,,
2009,8.0,WARD,2009-12-14 00:00:00,8.5,81.0,25,1004,D,BOB,1200,-,3,,,,,,,,,,,,,,
2009,8.0,WARD,2009-12-14 00:00:00,8.5,81.0,25,1005,D,BOB,1800,-,3,,,,,,,,,,,,,,
2009,8.0,WARD,2009-12-15 00:00:00,8.5,80.5,25,1007,D,BOB,0,-,3,,,,,,,,,,,,,,
2010,7.0,JAL,04-11-2010,8.0,92.0,25,1002,D,BOB,0000,1.5,3,,,,,,,,,,,,,,
2010,7.0,JAL,04-11-2010,8.5,91.0,25,1002,D,BOB,0300,1.5,3,,,,,,,,,,,,,,
2010,7.0,JAL,04-11-2010,8.5,90.5,25,1002,D,BOB,0600,1.5,3,,,,,,,,,,,,,,
2010,7.0,JAL,04-11-2010,8.5,90.0,25,1002,D,BOB,1200,1.5,3,,,,,,,,,,,,,,
2010,7.0,JAL,04-11-2010,8.5,89.5,25,1002,D,BOB,1800,1.5,4,,,,,,,,,,,,,,
2010,7.0,JAL,05-11-2010,9.0,88.5,30,1000,DD,BOB,0000,2.0,5,,,,,,,,,,,,,,
2010,7.0,JAL,05-11-2010,9.0,88.0,30,1000,DD,BOB,0300,2.0,5,,,,,,,,,,,,,,
2010,7.0,JAL,05-11-2010,9.0,87.5,35,998,CS,BOB,0600,2.5,6,,,,,,,,,,,,,,
2010,7.0,JAL,05-11-2010,9.0,87.5,40,996,CS,BOB,0900,2.5,8,,,,,,,,,,,,,,
2010,7.0,JAL,05-11-2010,9.5,87.0,45,994,CS,BOB,1200,2.5,10,,,,,,,,,,,,,,
2010,7.0,JAL,05-11-2010,9.5,87.0,45,994,CS,BOB,1500,3.0,10,,,,,,,,,,,,,,
2010,7.0,JAL,05-11-2010,10.0,86.5,50,992,CS,BOB,1800,3.0,12,,,,,,,,,,,,,,
2010,7.0,JAL,05-11-2010,10.0,86.0,55,990,SCS,BOB,2100,3.5,16,,,,,,,,,,,,,,
2010,7.0,JAL,06-11-2010,10.0,85.5,55,990,SCS,BOB,0000,3.5,16,,,,,,,,,,,,,,
2010,7.0,JAL,06-11-2010,10.0,85.5,55,990,SCS,BOB,0300,3.5,16,,,,,,,,,,,,,,
2010,7.0,JAL,06-11-2010,10.0,85.0,55,990,SCS,BOB,0600,3.5,16,,,,,,,,,,,,,,
2010,7.0,JAL,06-11-2010,10.0,85.0,55,990,SCS,BOB,0900,3.5,16,,,,,,,,,,,,,,
2010,7.0,JAL,06-11-2010,11.0,84.5,60,988,SCS,BOB,1200,3.5,18,,,,,,,,,,,,,,
2010,7.0,JAL,06-11-2010,11.0,84.5,60,988,SCS,BOB,1500,3.5,18,,,,,,,,,,,,,,
2010,7.0,JAL,06-11-2010,11.0,84.0,60,988,SCS,BOB,1800,3.5,18,,,,,,,,,,,,,,
2010,7.0,JAL,06-11-2010,11.0,84.0,60,988,SCS,BOB,2100,3.5,18,,,,,,,,,,,,,,
2010,7.0,JAL,07-11-2010,11.0,83.5,60,988,SCS,BOB,0000,3.5,18,,,,,,,,,,,,,,
2010,7.0,JAL,07-11-2010,12.0,83.0,55,990,SCS,BOB,0300,3.5,16,,,,,,,,,,,,,,
2010,7.0,JAL,07-11-2010,12.0,82.5,45,992,CS,BOB,0600,3.0,12,,,,,,,,,,,,,,
2010,7.0,JAL,07-11-2010,12.0,81.5,40,994,CS,BOB,0900,2.5,8,,,,,,,,,,,,,,
2010,7.0,JAL,07-11-2010,13.0,81.0,30,996,DD,BOB,1200,2.0,6,,,,,,,,,,,,,,
2010,7.0,JAL,07-11-2010,13.0,80.5,30,998,DD,BOB,1500,2.0,5,,,,,,,,,,,,,,
2010,7.0,JAL,07-11-2010,13.0,80.0,30,1000,DD,BOB,1800,--,5,,,,,,,,,,,,,,
2010,7.0,JAL,08-11-2010,14.0,79.0,25,1002,D,BOB,0000,--,4,,,,,,,,,,,,,,
2010,7.0,JAL,08-11-2010,15.0,78.0,25,1004,D,BOB,0300,--,3,,,,,,,,,,,,,,
2011,10.0,THANE,2011-12-25 00:00:00,8.5,88.5,25,1000,D,BOB,1200,1.5,3,,,,,,,,,,,,,,
2011,10.0,THANE,2011-12-25 00:00:00,9.0,88.0,25,1000,D,BOB,1800,1.5,3,,,,,,,,,,,,,,
2011,10.0,THANE,2011-12-26 00:00:00,9.5,87.5,30,998,DD,BOB,0000,2.0,4,,,,,,,,,,,,,,
2011,10.0,THANE,2011-12-26 00:00:00,9.5,87.5,30,998,DD,BOB,0300,2.0,4,,,,,,,,,,,,,,
2011,10.0,THANE,2011-12-26 00:00:00,10.0,87.5,30,998,DD,BOB,0600,2.0,4,,,,,,,,,,,,,,
2011,10.0,THANE,2011-12-26 00:00:00,10.5,87.5,30,998,DD,BOB,1200,2.0,5,,,,,,,,,,,,,,
2011,10.0,THANE,2011-12-26 00:00:00,11.0,87.5,35,996,CS,BOB,1800,2.5,7,,,,,,,,,,,,,,
2011,10.0,THANE,2011-12-26 00:00:00,11.0,87.5,35,996,CS,BOB,2100,2.5,7,,,,,,,,,,,,,,
2011,10.0,THANE,2011-12-27 00:00:00,11.5,87.5,40,994,CS,BOB,0000,2.5,8,,,,,,,,,,,,,,
2011,10.0,THANE,2011-12-27 00:00:00,12.0,87.0,40,994,CS,BOB,0300,2.5,8,,,,,,,,,,,,,,
2011,10.0,THANE,2011-12-27 00:00:00,12.0,87.0,40,994,CS,BOB,0600,2.5,8,,,,,,,,,,,,,,
2011,10.0,THANE,2011-12-27 00:00:00,12.2,86.7,40,992,CS,BOB,0900,2.5,10,,,,,,,,,,,,,,
2011,10.0,THANE,2011-12-27 00:00:00,12.5,86.5,40,992,CS,BOB,1200,2.5,10,,,,,,,,,,,,,,
2011,10.0,THANE,2011-12-27 00:00:00,12.5,86.5,45,992,CS,BOB,1500,3.0,10,,,,,,,,,,,,,,
2011,10.0,THANE,2011-12-27 00:00:00,12.5,86.0,45,992,CS,BOB,1800,3.0,12,,,,,,,,,,,,,,
2011,10.0,THANE,2011-12-27 00:00:00,12.5,86.0,45,992,CS,BOB,2100,3.0,12,,,,,,,,,,,,,,
2011,10.0,THANE,2011-12-28 00:00:00,12.5,85.5,45,992,CS,BOB,0000,3.0,12,,,,,,,,,,,,,,
2011,10.0,THANE,2011-12-28 00:00:00,12.5,85.5,45,987,CS,BOB,0300,3.0,14,,,,,,,,,,,,,,
2011,10.0,THANE,2011-12-28 00:00:00,12.5,85.0,45,988,CS,BOB,0600,3.0,14,,,,,,,,,,,,,,
2011,10.0,THANE,2011-12-28 00:00:00,12.5,85.0,55,986,SCS,BOB,0900,3.5,16,,,,,,,,,,,,,,
2011,10.0,THANE,2011-12-28 00:00:00,12.5,84.5,65,982,VSCS,BOB,1200,4.0,20,,,,,,,,,,,,,,
2011,10.0,THANE,2011-12-28 00:00:00,12.5,84.0,65,980,VSCS,BOB,1500,4.0,22,,,,,,,,,,,,,,
2011,10.0,THANE,2011-12-28 00:00:00,12.5,84.0,65,978,VSCS,BOB,1800,4.0,24,,,,,,,,,,,,,,
2011,10.0,THANE,2011-12-28 00:00:00,12.5,83.5,65,976,VSCS,BOB,2100,4.0,26,,,,,,,,,,,,,,
2011,10.0,THANE,2011-12-29 00:00:00,12.3,83.0,70,974,VSCS,BOB,0000,4.0,28,,,,,,,,,,,,,,
2011,10.0,THANE,2011-12-29 00:00:00,12.0,82.5,75,976,VSCS,BOB,0300,4.5,30,,,,,,,,,,,,,,
2011,10.0,THANE,2011-12-29 00:00:00,12.0,82.0,75,972,VSCS,BOB,0600,4.5,30,,,,,,,,,,,,,,
2011,10.0,THANE,2011-12-29 00:00:00,12.0,81.7,75,972,VSCS,BOB,0900,4.5,30,,,,,,,,,,,,,,
2011,10.0,THANE,2011-12-29 00:00:00,12.0,81.3,75,972,VSCS,BOB,1200,4.5,30,,,,,,,,,,,,,,
2011,10.0,THANE,2011-12-29 00:00:00,12.0,81.0,75,970,VSCS,BOB,1500,4.5,30,,,,,,,,,,,,,,
2011,10.0,THANE,2011-12-29 00:00:00,11.8,80.6,75,970,VSCS,BOB,1800,4.5,30,,,,,,,,,,,,,,
2011,10.0,THANE,2011-12-29 00:00:00,11.8,80.3,75,969,VSCS,BOB,2100,4.5,30,,,,,,,,,,,,,,
2011,10.0,THANE,2011-12-30 00:00:00,11.6,79.9,75,969,VSCS,BOB,0000,4.5,30,,,,,,,,,,,,,,
2011,10.0,THANE,2011-12-30 00:00:00,11.6,79.5,55,986,SCS,BOB,0300,--,16,,,,,,,,,,,,,,
2011,10.0,THANE,2011-12-30 00:00:00,11.6,79.0,30,998,DD,BOB,0600,--,5,,,,,,,,,,,,,,
2011,10.0,THANE,2011-12-30 00:00:00,11.6,78.2,25,1000,D,BOB,1200,--,3,,,,,,,,,,,,,,
2012,3.0,NILAM,2012-10-28 00:00:00,9.5,86.0,25,1004,D,BOB,600,1.5,2,,,,,,,,,,,,,,
2012,3.0,NILAM,2012-10-28 00:00:00,9.5,85.0,25,1003,D,BOB,1200,1.5,3,,,,,,,,,,,,,,
2012,3.0,NILAM,2012-10-28 00:00:00,9.5,84.5,25,1002,D,BOB,1800,1.5,4,,,,,,,,,,,,,,
2012,3.0,NILAM,2012-10-29 00:00:00,9.5,84.0,30,1000,DD,BOB,0,2,4,,,,,,,,,,,,,,
2012,3.0,NILAM,2012-10-29 00:00:00,9.5,83.5,30,1000,DD,BOB,300,2,4,,,,,,,,,,,,,,
2012,3.0,NILAM,2012-10-29 00:00:00,9.0,83.0,30,1000,DD,BOB,600,2,4,,,,,,,,,,,,,,
2012,3.0,NILAM,2012-10-29 00:00:00,9.0,82.5,30,1000,DD,BOB,1200,2,4,,,,,,,,,,,,,,
2012,3.0,NILAM,2012-10-29 00:00:00,9.0,82.0,30,1000,DD,BOB,1800,2,4,,,,,,,,,,,,,,
2012,3.0,NILAM,2012-10-30 00:00:00,9.0,82.0,30,999,DD,BOB,0,2,4,,,,,,,,,,,,,,
2012,3.0,NILAM,2012-10-30 00:00:00,9.0,82.0,35,998,CS,BOB,300,2.5,6,,,,,,,,,,,,,,
2012,3.0,NILAM,2012-10-30 00:00:00,9.0,82.0,35,996,CS,BOB,600,2.5,6,,,,,,,,,,,,,,
2012,3.0,NILAM,2012-10-30 00:00:00,9.5,82.0,35,996,CS,BOB,900,2.5,6,,,,,,,,,,,,,,
2012,3.0,NILAM,2012-10-30 00:00:00,9.5,82.0,40,994,CS,BOB,1200,2.5,8,,,,,,,,,,,,,,
2012,3.0,NILAM,2012-10-30 00:00:00,9.5,82.0,40,994,CS,BOB,1500,2.5,8,,,,,,,,,,,,,,
2012,3.0,NILAM,2012-10-30 00:00:00,10.0,82.0,40,992,CS,BOB,1800,2.5,8,,,,,,,,,,,,,,
2012,3.0,NILAM,2012-10-30 00:00:00,10.0,82.0,40,990,CS,BOB,2100,2.5,10,,,,,,,,,,,,,,
2012,3.0,NILAM,2012-10-31 00:00:00,10.5,81.5,45,988,CS,BOB,0,3,12,,,,,,,,,,,,,,
2012,3.0,NILAM,2012-10-31 00:00:00,11.0,81.0,45,987,CS,BOB,300,3,13,,,,,,,,,,,,,,
2012,3.0,NILAM,2012-10-31 00:00:00,11.5,81.0,45,987,CS,BOB,600,3,13,,,,,,,,,,,,,,
2012,3.0,NILAM,2012-10-31 00:00:00,12.3,80.5,45,987,CS,BOB,900,3,13,,,,,,,,,,,,,,
2012,3.0,NILAM,2012-10-31 00:00:00,12.7,79.8,35,991,CS,BOB,1200,--,8,,,,,,,,,,,,,,
2012,3.0,NILAM,2012-10-31 00:00:00,13.0,79.5,35,996,CS,BOB,1500,--,7,,,,,,,,,,,,,,
2012,3.0,NILAM,2012-10-31 00:00:00,13.0,78.5,30,998,DD,BOB,1800,--,5,,,,,,,,,,,,,,
2012,3.0,NILAM,2012-11-01 00:00:00,13.0,77.5,20,999,D,BOB,0,--,4,,,,,,,,,,,,,,
2012,3.0,NILAM,2012-11-01 00:00:00,13.5,77.0,20,1002,D,BOB,300,--,3,,,,,,,,,,,,,,
2012,3.0,NILAM,2012-11-01 00:00:00,13.5,77.0,20,1002,D,BOB,600,--,3,,,,,,,,,,,,,,
2012,3.0,NILAM,2012-11-01 00:00:00,14.0,77.0,20,1002,D,BOB,1200,--,3,,,,,,,,,,,,,,
2012,3.0,NILAM,2012-11-01 00:00:00,14.5,77.0,20,1004,D,BOB,1800,--,3,,,,,,,,,,,,,,
2013,7.0,--,2013-11-13 00:00:00,11.5,86.5,25,1004,D,BOB,0,1.5,3,,,,,,,,,,,,,,
2013,7.0,--,2013-11-13 00:00:00,11.5,86.0,25,1004,D,BOB,300,1.5,3,,,,,,,,,,,,,,
2013,7.0,--,2013-11-13 00:00:00,11.5,86.0,25,1004,D,BOB,600,1.5,3,,,,,,,,,,,,,,
2013,7.0,--,2013-11-13 00:00:00,11.5,86.0,25,1003,D,BOB,1200,1.5,4,,,,,,,,,,,,,,
2013,7.0,--,2013-11-13 00:00:00,11.5,85.5,25,1003,D,BOB,1800,1.5,4,,,,,,,,,,,,,,
2013,7.0,--,2013-11-14 00:00:00,11.5,85.0,25,1003,D,BOB,0,1.5,4,,,,,,,,,,,,,,
2013,7.0,--,2013-11-14 00:00:00,11.5,85.0,25,1003,D,BOB,300,1.5,4,,,,,,,,,,,,,,
2013,7.0,--,2013-11-14 00:00:00,11.5,85.0,25,1003,D,BOB,600,1.5,4,,,,,,,,,,,,,,
2013,7.0,--,2013-11-14 00:00:00,10.5,84.5,25,1003,D,BOB,1200,1.5,4,,,,,,,,,,,,,,
2013,7.0,--,2013-11-14 00:00:00,10.5,84.5,25,1003,D,BOB,1800,1.5,4,,,,,,,,,,,,,,
2013,7.0,--,2013-11-15 00:00:00,10.0,84.0,25,1003,D,BOB,0,1.5,4,,,,,,,,,,,,,,
2013,7.0,--,2013-11-15 00:00:00,9.5,83.5,25,1003,D,BOB,300,1.5,4,,,,,,,,,,,,,,
2013,7.0,--,2013-11-15 00:00:00,9.5,83.5,25,1003,D,BOB,600,1.5,4,,,,,,,,,,,,,,
2013,7.0,--,2013-11-15 00:00:00,9.5,83.0,25,1003,D,BOB,1200,1.5,4,,,,,,,,,,,,,,
2013,7.0,--,2013-11-15 00:00:00,10.0,82.0,25,1003,D,BOB,1800,1.5,4,,,,,,,,,,,,,,
2013,7.0,--,2013-11-16 00:00:00,10.5,81.5,25,1003,D,BOB,0,1.5,4,,,,,,,,,,,,,,
2013,7.0,--,2013-11-16 00:00:00,11.0,80.5,25,1003,D,BOB,300,1.5,4,,,,,,,,,,,,,,
2013,7.0,--,2013-11-16 00:00:00,11.0,80.0,25,1003,D,BOB,600,1.5,4,,,,,,,,,,,,,,
2013,7.0,--,2013-11-16 00:00:00,11.0,79.5,25,1004,D,BOB,900,-,4,,,,,,,,,,,,,,
2013,7.0,--,2013-11-16 00:00:00,11.0,79.0,25,-,D,BOB,1200,-,3,,,,,,,,,,,,,,
2013,7.0,--,2013-11-16 00:00:00,11.0,78.0,25,-,D,BOB,1800,-,,,,,,,,,,,,,,,
2014,1.0,--,2014-01-04 00:00:00,8.5,83.5,25,1006,D,BOB,300,1.5,3,,,,,,,,,,,,,,
2014,1.0,--,2014-01-04 00:00:00,9.0,83.0,25,1006,D,BOB,600,1.5,3,,,,,,,,,,,,,,
2014,1.0,--,2014-01-04 00:00:00,9.0,83.0,25,1006,D,BOB,1200,1.5,3,,,,,,,,,,,,,,
2014,1.0,--,2014-01-04 00:00:00,9.2,82.5,25,1006,D,BOB,1800,1.5,3,,,,,,,,,,,,,,
2014,1.0,--,2014-01-05 00:00:00,9.3,82.0,25,1006,D,BOB,0,1.5,3,,,,,,,,,,,,,,
2014,1.0,--,2014-01-05 00:00:00,9.3,82.0,25,1006,D,BOB,300,1.5,3,,,,,,,,,,,,,,
2014,1.0,--,2014-01-05 00:00:00,9.3,81.8,25,1006,D,BOB,600,1.5,3,,,,,,,,,,,,,,
2014,1.0,--,2014-01-05 00:00:00,9.3,81.5,25,1004,D,BOB,1200,1.5,4,,,,,,,,,,,,,,
2014,1.0,--,2014-01-05 00:00:00,9.3,81.3,25,1004,D,BOB,1800,1.5,4,,,,,,,,,,,,,,
2014,1.0,--,2014-01-06 00:00:00,9.3,81.3,25,1004,D,BOB,0,1.5,4,,,,,,,,,,,,,,
2014,1.0,--,2014-01-06 00:00:00,9.4,81.0,25,1006,D,BOB,300,1.5,4,,,,,,,,,,,,,,
2014,1.0,--,2014-01-06 00:00:00,9.0,80.7,,,,BOB,600,Crossed Sri-Lanka coast near Lat. 9.2° N Long. 80.8° E between 0500 and 0600 UTC of 6th January 2014,,,,,,,,,,,,,,,
2014,1.0,--,2014-01-06 00:00:00,8.8,80.6,25,1006,D,BOB,1200,-,3,,,,,,,,,,,,,,
2014,1.0,--,2014-01-07 00:00:00,8.0,80.0,25,1006,D,BOB,0,-,3,,,,,,,,,,,,,,
2015,12.0,,2015-11-08 00:00:00,10.7,83.7,25,1003,D,BOB,300,1.5,3,,,,,,,,,,,,,,
2015,12.0,,2015-11-08 00:00:00,10.8,83.2,25,1003,D,BOB,600,1.5,3,,,,,,,,,,,,,,
2015,12.0,,2015-11-08 00:00:00,11.0,82.5,25,1002,D,BOB,1200,1.5,4,,,,,,,,,,,,,,
2015,12.0,,2015-11-08 00:00:00,11.2,81.4,30,1000,DD,BOB,1800,2,5,,,,,,,,,,,,,,
2015,12.0,,2015-11-09 00:00:00,11.4,80.7,30,999,DD,BOB,0,2,6,,,,,,,,,,,,,,
2015,12.0,,2015-11-09 00:00:00,11.6,80.3,30,998,DD,BOB,300,2,6,,,,,,,,,,,,,,
2015,12.0,,2015-11-09 00:00:00,11.7,80.1,30,996,DD,BOB,600,2,6,,,,,,,,,,,,,,
2015,12.0,,2015-11-09 00:00:00,12.1,80.0,30,996,DD,BOB,1200,2,6,,,,,,,,,,,,,,
2015,12.0,,2015-11-09 00:00:00,12.4,79.9,30,998,DD,BOB,1800,-,6,,,,,,,,,,,,,,
2015,12.0,,2015-11-10 00:00:00,12.4,79.6,30,1000,DD,BOB,0,-,5,,,,,,,,,,,,,,
2015,12.0,,2015-11-10 00:00:00,12.4,79.3,20,1002,D,BOB,300,-,4,,,,,,,,,,,,,,
2016,1.0,ROANU,2016-05-17 00:00:00,11.0,81.0,25,1000,D,BOB,300,1.5,3,,,,,,,,,,,,,,
2016,1.0,ROANU,2016-05-17 00:00:00,11.3,80.9,25,999,D,BOB,600,1.5,3,,,,,,,,,,,,,,
2016,1.0,ROANU,2016-05-17 00:00:00,12.0,80.7,25,998,D,BOB,1200,1.5,3,,,,,,,,,,,,,,
2016,1.0,ROANU,2016-05-17 00:00:00,12.5,80.7,25,998,D,BOB,1800,1.5,4,,,,,,,,,,,,,,
2016,1.0,ROANU,2016-05-18 00:00:00,13.0,80.8,25,998,D,BOB,0,1.5,4,,,,,,,,,,,,,,
2016,1.0,ROANU,2016-05-18 00:00:00,13.3,81.0,30,997,DD,BOB,300,2,5,,,,,,,,,,,,,,
2016,1.0,ROANU,2016-05-18 00:00:00,13.8,81.0,30,996,DD,BOB,600,2,5,,,,,,,,,,,,,,
2016,1.0,ROANU,2016-05-18 00:00:00,14.4,81.0,30,996,DD,BOB,1200,2,5,,,,,,,,,,,,,,
2016,1.0,ROANU,2016-05-18 00:00:00,14.4,81.0,30,994,DD,BOB,1800,2,7,,,,,,,,,,,,,,
2016,1.0,ROANU,2016-05-19 00:00:00,15.1,81.4,35,990,CS,BOB,0,2.5,7,,,,,,,,,,,,,,
2016,1.0,ROANU,2016-05-19 00:00:00,15.6,81.6,35,990,CS,BOB,300,2.5,8,,,,,,,,,,,,,,
2016,1.0,ROANU,2016-05-19 00:00:00,15.6,81.6,40,988,CS,BOB,600,2.5,8,,,,,,,,,,,,,,
2016,1.0,ROANU,2016-05-19 00:00:00,16.0,81.9,40,988,CS,BOB,1200,2.5,8,,,,,,,,,,,,,,
2016,1.0,ROANU,2016-05-19 00:00:00,16.2,82.2,40,988,CS,BOB,1500,2.5,8,,,,,,,,,,,,,,
2016,1.0,ROANU,2016-05-19 00:00:00,16.4,82.6,40,988,CS,BOB,1800,2.5,8,,,,,,,,,,,,,,
2016,1.0,ROANU,2016-05-19 00:00:00,16.8,82.8,40,988,CS,BOB,2100,2.5,8,,,,,,,,,,,,,,
2016,1.0,ROANU,2016-05-20 00:00:00,17.2,83.3,40,988,CS,BOB,0,2.5,8,,,,,,,,,,,,,,
2016,1.0,ROANU,2016-05-20 00:00:00,18.0,84.2,40,988,CS,BOB,300,2.5,8,,,,,,,,,,,,,,
2016,1.0,ROANU,2016-05-20 00:00:00,18.4,84.6,40,988,CS,BOB,600,2.5,9,,,,,,,,,,,,,,
2016,1.0,ROANU,2016-05-20 00:00:00,18.8,85.0,40,988,CS,BOB,900,2.5,9,,,,,,,,,,,,,,
2016,1.0,ROANU,2016-05-20 00:00:00,19.7,86.5,40,988,CS,BOB,1200,2.5,9,,,,,,,,,,,,,,
2016,1.0,ROANU,2016-05-20 00:00:00,20.1,87.1,40,986,CS,BOB,1500,2.5,9,,,,,,,,,,,,,,
2016,1.0,ROANU,2016-05-20 00:00:00,20.4,87.7,45,984,CS,BOB,1800,2.5,11,,,,,,,,,,,,,,
2016,1.0,ROANU,2016-05-20 00:00:00,20.7,88.4,45,983,CS,BOB,2100,2.5,11,,,,,,,,,,,,,,
2016,1.0,ROANU,2016-05-21 00:00:00,21.0,89.0,45,983,CS,BOB,0,3,11,,,,,,,,,,,,,,
2016,1.0,ROANU,2016-05-21 00:00:00,21.5,90.3,45,983,CS,BOB,300,3,11,,,,,,,,,,,,,,
2016,1.0,ROANU,2016-05-21 00:00:00,21.9,91.0,45,983,CS,BOB,600,3,11,,,,,,,,,,,,,,
2016,1.0,ROANU,2016-05-21 00:00:00,22.5,91.5,45,983,CS,BOB,900,3,11,,,,,,,,,,,,,,
2016,1.0,ROANU,2016-05-21 00:00:00,22.8,92.0,35,990,CS,BOB,1200,,6,,,,,,,,,,,,,,
2016,1.0,ROANU,2016-05-21 00:00:00,23.5,93.0,30,992,DD,BOB,1500,,4,,,,,,,,,,,,,,
2016,1.0,ROANU,2016-05-21 00:00:00,24.0,94.0,30,994,DD,BOB,1800,,4,,,,,,,,,,,,,,
2016,1.0,ROANU,2016-05-22 00:00:00,24.5,94.7,20,996,D,BOB,0,,3,,,,,,,,,,,,,,
2016,8.0,NADA,2016-11-29 00:00:00,6.5,87.5,25,1004,D,BOB,1200,1.5,2,,,,,,,,,,,,,,
2016,8.0,NADA,2016-11-29 00:00:00,7.2,86.7,25,1003,D,BOB,1800,1.5,2,,,,,,,,,,,,,,
2016,8.0,NADA,2016-11-30 00:00:00,7.8,85.7,30,1002,DD,BOB,0,2,3,,,,,,,,,,,,,,
2016,8.0,NADA,2016-11-30 00:00:00,8.2,85.3,35,1002,CS,BOB,300,2.5,4,,,,,,,,,,,,,,
2016,8.0,NADA,2016-11-30 00:00:00,8.7,85.0,35,1002,CS,BOB,600,2.5,4,,,,,,,,,,,,,,
2016,8.0,NADA,2016-11-30 00:00:00,9.5,84.3,35,1002,CS,BOB,900,2.5,4,,,,,,,,,,,,,,
2016,8.0,NADA,2016-11-30 00:00:00,9.8,84.0,40,1000,CS,BOB,1200,2.5,4,,,,,,,,,,,,,,
2016,8.0,NADA,2016-11-30 00:00:00,10.0,83.5,40,1000,CS,BOB,1500,2.5,4,,,,,,,,,,,,,,
2016,8.0,NADA,2016-11-30 00:00:00,10.3,83.0,40,1000,CS,BOB,1800,2.5,4,,,,,,,,,,,,,,
2016,8.0,NADA,2016-11-30 00:00:00,10.4,82.0,40,1000,CS,BOB,2100,2.5,4,,,,,,,,,,,,,,
2016,8.0,NADA,2016-12-01 00:00:00,10.4,81.8,35,1000,CS,BOB,0,2.5,4,,,,,,,,,,,,,,
2016,8.0,NADA,2016-12-01 00:00:00,10.4,81.7,30,1001,CS,BOB,300,2.5,4,,,,,,,,,,,,,,
2016,8.0,NADA,2016-12-01 00:00:00,10.6,81.2,30,1003,DD,BOB,600,2,3,,,,,,,,,,,,,,
2016,8.0,NADA,2016-12-01 00:00:00,10.7,80.7,30,1004,DD,BOB,1200,2,3,,,,,,,,,,,,,,
2016,8.0,NADA,2016-12-01 00:00:00,10.8,80.2,25,1006,D,BOB,1800,1.5,2,,,,,,,,,,,,,,
2016,8.0,NADA,2016-12-02 00:00:00,10.8,79.7,2,25,,BOB,0,1006,D,,,,,,,,,,,,,,
2018,13.0,GAJA,2018-11-10 00:00:00,11.7,92.5,25,1003,D,BOB,0300,1.5,3,,,,,,,,,,,,,,
2018,,GAJA,2018-11-10 00:00:00,12.0,92.0,25,1002,D,BOB,600,1.5,4,,,,,,,,,,,,,,
2018,,GAJA,2018-11-10 00:00:00,12.6,90.8,30,1001,DD,BOB,1200,2,5,,,,,,,,,,,,,,
2018,,GAJA,2018-11-10 00:00:00,13.0,89.9,30,1000,DD,BOB,1800,2,6,,,,,,,,,,,,,,
2018,,GAJA,2018-11-10 00:00:00,13.4,89.3,35,999,CS,BOB,0000,2.5,7,,,,,,,,,,,,,,
2018,,GAJA,2018-11-11 00:00:00,13.5,88.9,35,999,CS,BOB,0300,2.5,7,,,,,,,,,,,,,,
2018,,GAJA,2018-11-11 00:00:00,13.5,88.5,40,998,CS,BOB,0600,2.5,8,,,,,,,,,,,,,,
2018,,GAJA,2018-11-11 00:00:00,13.5,88.2,40,998,CS,BOB,0900,2.5,8,,,,,,,,,,,,,,
2018,,GAJA,2018-11-11 00:00:00,13.5,88.0,40,998,CS,BOB,1200,2.5,8,,,,,,,,,,,,,,
2018,,GAJA,2018-11-11 00:00:00,13.5,87.7,40,998,CS,BOB,1500,2.5,8,,,,,,,,,,,,,,
2018,,GAJA,2018-11-11 00:00:00,13.4,87.4,40,998,CS,BOB,1800,2.5,8,,,,,,,,,,,,,,
2018,,GAJA,2018-11-11 00:00:00,13.5,87.2,40,998,CS,BOB,2100,2.5,8,,,,,,,,,,,,,,
2018,,GAJA,2018-11-12 00:00:00,13.3,87.1,40,998,CS,BOB,0000,2.5,8,,,,,,,,,,,,,,
2018,,GAJA,2018-11-12 00:00:00,13.1,87.0,40,998,CS,BOB,0300,2.5,8,,,,,,,,,,,,,,
2018,,GAJA,2018-11-12 00:00:00,12.9,86.9,40,998,CS,BOB,0600,2.5,8,,,,,,,,,,,,,,
2018,,GAJA,2018-11-12 00:00:00,12.9,86.9,40,998,CS,BOB,0900,2.5,8,,,,,,,,,,,,,,
2018,,GAJA,2018-11-12 00:00:00,12.6,87.3,40,998,CS,BOB,1200,2.5,8,,,,,,,,,,,,,,
2018,,GAJA,2018-11-12 00:00:00,12.9,87.5,40,998,CS,BOB,1500,2.5,8,,,,,,,,,,,,,,
2018,,GAJA,2018-11-12 00:00:00,13.2,87.5,45,996,CS,BOB,1800,2.5,8,,,,,,,,,,,,,,
2018,,GAJA,2018-11-12 00:00:00,13.2,87.3,45,996,CS,BOB,2100,2.5,8,,,,,,,,,,,,,,
2018,,GAJA,2018-11-13 00:00:00,13.2,87.2,40,998,CS,BOB,0000,2.5,8,,,,,,,,,,,,,,
2018,,GAJA,2018-11-13 00:00:00,13.3,87.1,40,998,CS,BOB,0300,2.5,8,,,,,,,,,,,,,,
2018,,GAJA,2018-11-13 00:00:00,13.5,86.6,40,998,CS,BOB,0600,2.5,8,,,,,,,,,,,,,,
2018,,GAJA,2018-11-13 00:00:00,13.4,86.4,40,998,CS,BOB,0900,2.5,8,,,,,,,,,,,,,,
2018,,GAJA,2018-11-13 00:00:00,13.4,86.0,40,998,CS,BOB,1200,2.5,8,,,,,,,,,,,,,,
2018,,GAJA,2018-11-13 00:00:00,13.2,85.8,40,998,CS,BOB,1500,2.5,8,,,,,,,,,,,,,,
2018,,GAJA,2018-11-13 00:00:00,13.2,85.6,40,998,CS,BOB,1800,2.5,8,,,,,,,,,,,,,,
2018,,GAJA,2018-11-13 00:00:00,13.1,85.5,40,998,CS,BOB,2100,2.5,8,,,,,,,,,,,,,,
2018,,GAJA,2018-11-14 00:00:00,13.1,85.3,40,998,CS,BOB,0000,2.5,8,,,,,,,,,,,,,,
2018,,GAJA,2018-11-14 00:00:00,13.0,85.1,40,998,CS,BOB,0300,2.5,8,,,,,,,,,,,,,,
2018,,GAJA,2018-11-14 00:00:00,12.8,84.8,45,996,CS,BOB,0600,2.5,10,,,,,,,,,,,,,,
2018,,GAJA,2018-11-14 00:00:00,12.6,84.6,45,996,CS,BOB,0900,2.5,10,,,,,,,,,,,,,,
2018,,GAJA,2018-11-14 00:00:00,12.4,84.2,45,996,CS,BOB,1200,2.5,10,,,,,,,,,,,,,,
2018,,GAJA,2018-11-14 00:00:00,12.2,84.2,45,996,CS,BOB,1500,2.5,10,,,,,,,,,,,,,,
2018,,GAJA,2018-11-14 00:00:00,12.0,83.8,45,996,CS,BOB,1800,2.5,10,,,,,,,,,,,,,,
2018,,GAJA,2018-11-14 00:00:00,11.8,83.4,45,996,CS,BOB,2100,2.5,10,,,,,,,,,,,,,,
2018,,GAJA,2018-11-15 00:00:00,11.5,83.2,45,996,CS,BOB,0000,2.5,10,,,,,,,,,,,,,,
2018,,GAJA,2018-11-15 00:00:00,11.3,82.6,50,994,SCS,BOB,0300,3,12,,,,,,,,,,,,,,
2018,,GAJA,2018-11-15 00:00:00,11.2,82.0,55,990,SCS,BOB,0600,3.5,15,,,,,,,,,,,,,,
2018,,GAJA,2018-11-15 00:00:00,11.0,81.5,55,989,SCS,BOB,0900,3.5,16,,,,,,,,,,,,,,
2018,,GAJA,2018-11-15 00:00:00,10.8,81.2,60,988,SCS,BOB,1200,3.5,18,,,,,,,,,,,,,,
2018,,GAJA,2018-11-15 00:00:00,10.6,80.7,65,984,VSCS,BOB,1500,4,21,,,,,,,,,,,,,,
2018,,GAJA,2018-11-15 00:00:00,10.5,80.3,70,976,VSCS,BOB,1800,4,30,,,,,,,,,,,,,,
2018,,GAJA,2018-11-15 00:00:00,10.4,79.7,70,976,VSCS,BOB,2100,-,30,,,,,,,,,,,,,,
2018,,GAJA,2018-11-16 00:00:00,10.4,79.2,55,990,SCS,BOB,0000,-,15,,,,,,,,,,,,,,
2018,,GAJA,2018-11-16 00:00:00,10.4,78.5,45,996,CS,BOB,0300,-,10,,,,,,,,,,,,,,
2018,,GAJA,2018-11-16 00:00:00,10.5,77.6,30,1000,DD,BOB,0600,-,6,,,,,,,,,,,,,,
2018,,GAJA,2018-11-16 00:00:00,10.1,76.4,25,1002,D,BOB,1200,1.5,4,,,,,,,,,,,,,,
2018,,GAJA,2018-11-16 00:00:00,9.9,75.3,25,1002,D,BOB,1800,1.5,4,,,,,,,,,,,,,,
2018,,GAJA,2018-11-17 00:00:00,9.8,74.3,30,1003,DD,BOB,0000,2,5,,,,,,,,,,,,,,
2018,,GAJA,2018-11-17 00:00:00,9.8,73.7,30,1003,DD,BOB,0300,2,5,,,,,,,,,,,,,,
2018,,GAJA,2018-11-17 00:00:00,9.8,73.2,30,1003,DD,BOB,0600,2,5,,,,,,,,,,,,,,
2018,,GAJA,2018-11-17 00:00:00,9.9,71.7,30,1003,DD,BOB,1200,2,5,,,,,,,,,,,,,,
2018,,GAJA,2018-11-17 00:00:00,10.1,70.5,30,1003,DD,BOB,1800,2,5,,,,,,,,,,,,,,
2018,,GAJA,2018-11-18 00:00:00,10.3,69.6,30,1003,DD,BOB,0000,2,5,,,,,,,,,,,,,,
2018,,GAJA,2018-11-18 00:00:00,10.4,69.4,30,1003,DD,BOB,0300,2,5,,,,,,,,,,,,,,
2018,,GAJA,2018-11-18 00:00:00,10.5,69.0,30,1003,DD,BOB,0600,2,5,,,,,,,,,,,,,,
2018,,GAJA,2018-11-18 00:00:00,10.7,68.5,30,1003,DD,BOB,1200,2,5,,,,,,,,,,,,,,
2018,,GAJA,2018-11-18 00:00:00,10.8,67.5,30,1003,DD,BOB,1800,2,5,,,,,,,,,,,,,,
2018,,GAJA,2018-11-19 00:00:00,11.0,66.6,30,1003,DD,BOB,0000,2,5,,,,,,,,,,,,,,
2018,,GAJA,2018-11-19 00:00:00,11.1,66.3,30,1003,DD,BOB,0300,2,5,,,,,,,,,,,,,,
2018,,GAJA,2018-11-19 00:00:00,11.2,65.8,25,1004,D,BOB,0600,1.5,4,,,,,,,,,,,,,,
2018,,GAJA,2018-11-19 00:00:00,11.2,65.0,25,1004,D,BOB,1200,1.5,4,,,,,,,,,,,,,,
2020,7.0,NIVAR’ ,2020-11-22 00:00:00,8.5,85.3,25,1002,D,BOB,2100,1.5,3,,,,,,,,,,,,,,
2020,,NIVAR’ ,2020-11-23 00:00:00,9.3,84.5,25,1002,D,BOB,0000,1.5,3,,,,,,,,,,,,,,
2020,,NIVAR’ ,2020-11-23 00:00:00,9.5,84.2,25,1002,D,BOB,0300,1.5,3,,,,,,,,,,,,,,
2020,,NIVAR’ ,2020-11-23 00:00:00,9.6,84.0,25,1001,D,BOB,0600,1.5,4,,,,,,,,,,,,,,
2020,,NIVAR’ ,2020-11-23 00:00:00,9.8,83.6,30,999,DD,BOB,1200,2,5,,,,,,,,,,,,,,
2020,,NIVAR’ ,2020-11-23 00:00:00,10.0,83.3,30,998,DD,BOB,1800,2,6,,,,,,,,,,,,,,
2020,,NIVAR’ ,2020-11-24 00:00:00,10.0,83.0,35,997,CS,BOB,0000,2.5,7,,,,,,,,,,,,,,
2020,,NIVAR’ ,2020-11-24 00:00:00,10.0,83.0,35,997,CS,BOB,0300,2.5,7,,,,,,,,,,,,,,
2020,,NIVAR’ ,2020-11-24 00:00:00,10.0,82.7,40,994,CS,BOB,0600,2.5,8,,,,,,,,,,,,,,
2020,,NIVAR’ ,2020-11-24 00:00:00,10.0,82.6,45,992,CS,BOB,0900,3,10,,,,,,,,,,,,,,
2020,,NIVAR’ ,2020-11-24 00:00:00,10.1,82.5,45,992,CS,BOB,1200,3,10,,,,,,,,,,,,,,
2020,,NIVAR’ ,2020-11-24 00:00:00,10.1,82.4,45,992,CS,BOB,1500,3,10,,,,,,,,,,,,,,
2020,,NIVAR’ ,2020-11-24 00:00:00,10.2,82.3,50,990,SCS,BOB,1800,3.5,12,,,,,,,,,,,,,,
2020,,NIVAR’ ,2020-11-24 00:00:00,10.3,82.2,55,988,SCS,BOB,2100,3.5,16,,,,,,,,,,,,,,
2020,,NIVAR’ ,2020-11-25 00:00:00,10.5,82.0,60,986,SCS,BOB,0000,3.5,18,,,,,,,,,,,,,,
2020,,NIVAR’ ,2020-11-25 00:00:00,10.7,81.7,60,986,SCS,BOB,0300,3.5,18,,,,,,,,,,,,,,
2020,,NIVAR’ ,2020-11-25 00:00:00,11.0,81.3,60,986,SCS,BOB,0600,3.5,18,,,,,,,,,,,,,,
2020,,NIVAR’ ,2020-11-25 00:00:00,11.2,81.0,65,982,VSCS,BOB,0900,4,22,,,,,,,,,,,,,,
2020,,NIVAR’ ,2020-11-25 00:00:00,11.4,80.7,65,982,VSCS,BOB,1200,4,22,,,,,,,,,,,,,,
2020,,NIVAR’ ,2020-11-25 00:00:00,11.7,80.4,65,982,VSCS,BOB,1500,4,22,,,,,,,,,,,,,,
2020,,NIVAR’ ,2020-11-25 00:00:00,12.0,80.1,65,982,VSCS,BOB,1800,4,22,,,,,,,,,,,,,,
2020,,NIVAR’ ,2020-11-25 00:00:00,12.1,79.9,60,986,SCS,BOB,2100,-,18,,,,,,,,,,,,,,
2020,,NIVAR’ ,2020-11-26 00:00:00,12.3,79.7,50,992,SCS,BOB,0000,-,12,,,,,,,,,,,,,,
2020,,NIVAR’ ,2020-11-26 00:00:00,12.6,79.4,40,996,CS,BOB,0300,-,8,,,,,,,,,,,,,,
2020,,NIVAR’ ,2020-11-26 00:00:00,12.9,79.3,35,998,CS,BOB,0600,-,7,,,,,,,,,,,,,,
2020,,NIVAR’ ,2020-11-26 00:00:00,13.3,79.3,30,999,DD,BOB,0900,-,5,,,,,,,,,,,,,,
2020,,NIVAR’ ,2020-11-26 00:00:00,13.6,79.4,30,1000,DD,BOB,1200,-,5,,,,,,,,,,,,,,
2020,,NIVAR’ ,2020-11-26 00:00:00,14.0,79.6,20,1002,D,BOB,1800,-,3,,,,,,,,,,,,,,
2020,9.0,BUREVI’ ,2020-11-30 00:00:00,7.5,88.0,20,1003,D,BOB,0000,1.5,3,,,,,,  ,,,,,,,,
2020,,BUREVI’ ,2020-11-30 00:00:00,7.7,87.7,25,1002,D,BOB,0300,1.5,4,,,,,,,,,,,,,,
2020,,BUREVI’ ,2020-11-30 00:00:00,7.8,87.4,25,1002,D,BOB,0600,1.5,4,,,,,,,,,,,,,,
2020,,BUREVI’ ,2020-11-30 00:00:00,7.7,87.0,25,1002,D,BOB,1200,1.5,4,,,,,,,,,,,,,,
2020,,BUREVI’ ,2020-11-30 00:00:00,7.8,86.6,25,1002,D,BOB,1800,1.5,4,,,,,,,,,,,,,,
2020,,BUREVI’ ,2020-12-01 00:00:00,7.8,86.0,30,1000,DD,BOB,0000,2,6,,,,,,,,,,,,,,
2020,,BUREVI’ ,2020-12-01 00:00:00,7.8,85.7,30,1000,DD,BOB,0300,2,6,,,,,,,,,,,,,,
2020,,BUREVI’ ,2020-12-01 00:00:00,7.8,85.3,30,1000,DD,BOB,0600,2,6,,,,,,,,,,,,,,
2020,,BUREVI’ ,2020-12-01 00:00:00,7.9,84.8,35,999,CS,BOB,1200,2.5,7,,,,,,,,,,,,,,
2020,,BUREVI’ ,2020-12-01 00:00:00,7.9,84.5,35,999,CS,BOB,1500,2.5,7,,,,,,,,,,,,,,
2020,,BUREVI’ ,2020-12-01 00:00:00,8.1,84.2,35,999,CS,BOB,1800,2.5,7,,,,,,,,,,,,,,
2020,,BUREVI’ ,2020-12-01 00:00:00,8.4,83.4,35,999,CS,BOB,2100,2.5,7,,,,,,,,,,,,,,
2020,,BUREVI’ ,2020-12-02 00:00:00,8.6,83.0,40,998,CS,BOB,0000,2.5,8,,,,,,,,,,,,,,
2020,,BUREVI’ ,2020-12-02 00:00:00,8.7,82.5,40,998,CS,BOB,0300,2.5,8,,,,,,,,,,,,,,
2020,,BUREVI’ ,2020-12-02 00:00:00,8.8,82.2,45,996,CS,BOB,0600,3,10,,,,,,,,,,,,,,
2020,,BUREVI’ ,2020-12-02 00:00:00,8.8,81.8,45,996,CS,BOB,0900,3,10,,,,,,,,,,,,,,
2020,,BUREVI’ ,2020-12-02 00:00:00,8.8,81.4,45,996,CS,BOB,1200,3,10,,,,,,,,,,,,,,
2020,,BUREVI’ ,2020-12-02 00:00:00,8.8,81.4,45,996,CS,BOB,1500,3,10,,,,,,,,,,,,,,
2020,,BUREVI’ ,2020-12-02 00:00:00,8.9,80.9,45,996,CS,BOB,1800,-,10,,,,,,,,,,,,,,
2020,,BUREVI’ ,2020-12-02 00:00:00,9.0,80.8,40,998,CS,BOB,2100,-,8,,,,,,,,,,,,,,
2020,,BUREVI’ ,2020-12-03 00:00:00,9.0,80.3,40,998,CS,BOB,0000,-,8,,,,,,,,,,,,,,
2020,,BUREVI’ ,2020-12-03 00:00:00,9.1,80.2,40,998,CS,BOB,0300,-,8,,,,,,,,,,,,,,
2020,,BUREVI’ ,2020-12-03 00:00:00,9.2,79.7,40,998,CS,BOB,0600,-,8,,,,,,,,,,,,,,
2020,,BUREVI’ ,2020-12-03 00:00:00,9.2,79.3,35,999,CS,BOB,0900,2.5,7,,,,,,,,,,,,,,
2020,,BUREVI’ ,2020-12-03 00:00:00,9.2,79.1,30,1000,DD,BOB,1200,2,6,,,,,,,,,,,,,,
2020,,BUREVI’ ,2020-12-03 00:00:00,9.2,78.8,30,1000,DD,BOB,1500,2,6,,,,,,,,,,,,,,
2020,,BUREVI’ ,2020-12-03 00:00:00,9.1,78.6,30,1000,DD,BOB,1800,2,6,,,,,,,,,,,,,,
2020,,BUREVI’ ,2020-12-03 00:00:00,9.1,78.6,30,1000,DD,BOB,2100,2,6,,,,,,,,,,,,,,
2020,,BUREVI’ ,2020-12-04 00:00:00,9.1,78.6,30,1000,DD,BOB,0000,2,6,,,,,,,,,,,,,,
2020,,BUREVI’ ,2020-12-04 00:00:00,9.1,78.6,30,1001,DD,BOB,0300,2,5,,,,,,,,,,,,,,
2020,,BUREVI’ ,2020-12-04 00:00:00,9.1,78.6,30,1001,DD,BOB,0600,2,5,,,,,,,,,,,,,,
2020,,BUREVI’ ,2020-12-04 00:00:00,9.1,78.6,25,1002,D,BOB,1200,1.5,4,,,,,,,,,,,,,,
2020,,BUREVI’ ,2020-12-04 00:00:00,9.1,78.6,25,1003,D,BOB,1800,1.5,4,,,,,,,,,,,,,,
2020,,BUREVI’ ,2020-12-05 00:00:00,9.1,78.6,20,1004,D,BOB,0000,1.5,3,,,,,,,,,,,,,,
2020,,BUREVI’ ,2020-12-05 00:00:00,9.1,78.6,20,1006,D,BOB,0300,1.5,3,,,,,,,,,,,,,,
2022,13.0,MANDOUS,2022-12-06 00:00:00,8.2,88.2,25,1000,D,BOB,1200,1.5,3,,,,,,,,,,,,,,
2022,,MANDOUS,,8.4,87.0,25,1000,D,BOB,1800,1.5,4,,,,,,,,,,,,,,
2022,,MANDOUS,2022-12-07 00:00:00,8.6,86.3,30,999,DD,BOB,0000,2,5,,,,,,,,,,,,,,
2022,,MANDOUS,,8.7,85.7,30,999,DD,BOB,0300,2,5,,,,,,,,,,,,,,
2022,,MANDOUS,,8.7,85.5,30,998,DD,BOB,0600,2,5,,,,,,,,,,,,,,
2022,,MANDOUS,,8.9,85.0,30,998,DD,BOB,1200,2,6,,,,,,,,,,,,,,
2022,,MANDOUS,,9.2,84.6,35,997,CS,BOB,1800,2.5,7,,,,,,,,,,,,,,
2022,,MANDOUS,,9.3,84.4,35,997,CS,BOB,2100,2.5,7,,,,,,,,,,,,,,
2022,,MANDOUS,2022-12-08 00:00:00,9.4,84.1,40,995,CS,BOB,0000,2.5,8,,,,,,,,,,,,,,
2022,,MANDOUS,,9.5,83.8,40,994,CS,BOB,0300,2.5,9,,,,,,,,,,,,,,
2022,,MANDOUS,,9.7,83.5,45,992,CS,BOB,0600,3,10,,,,,,,,,,,,,,
2022,,MANDOUS,,9.8,83.2,45,992,CS,BOB,0900,3,10,,,,,,,,,,,,,,
2022,,MANDOUS,,10.1,82.9,50,990,SCS,BOB,1200,3,12,,,,,,,,,,,,,,
2022,,MANDOUS,,10.4,82.6,50,990,SCS,BOB,1500,3,12,,,,,,,,,,,,,,
2022,,MANDOUS,,10.6,82.3,50,990,SCS,BOB,1800,3,12,,,,,,,,,,,,,,
2022,,MANDOUS,,10.7,82.0,50,990,SCS,BOB,2100,3,12,,,,,,,,,,,,,,
2022,,MANDOUS,2022-12-09 00:00:00,11.0,81.7,50,990,SCS,BOB,0000,3,12,,,,,,,,,,,,,,
2022,,MANDOUS,,11.1,81.5,45,991,CS,BOB,0300,3,11,,,,,,,,,,,,,,
2022,,MANDOUS,,11.4,81.3,45,992,CS,BOB,0600,3,10,,,,,,,,,,,,,,
2022,,MANDOUS,,11.7,81.0,45,992,CS,BOB,0900,3,10,,,,,,,,,,,,,,
2022,,MANDOUS,,12.0,80.8,40,993,CS,BOB,1200,2.5,9,,,,,,,,,,,,,,
2022,,MANDOUS,,12.2,80.6,40,994,CS,BOB,1500,2.5,8,,,,,,,,,,,,,,
2022,,MANDOUS,,12.5,80.3,35,995,CS,BOB,1800,2.5,7,,,,,,,,,,,,,,
2022,,MANDOUS,,12.8,80.0,35,996,CS,BOB,2100,-,7,,,,,,,,,,,,,,
2022,,MANDOUS,2022-12-10 00:00:00,12.9,79.7,30,998,DD,BOB,0000,-,5,,,,,,,,,,,,,,
2022,,MANDOUS,,12.8,79.5,30,1000,DD,BOB,0300,-,4,,,,,,,,,,,,,,
2022,,MANDOUS,,12.7,79.3,25,1002,D,BOB,0600,-,3,,,,,,,,,,,,,,
2024,12.0,Fengal,2024-11-25 00:00:00,5.0,85.3,20,1003,D,BOB,0300,1.5,3,,,,,,,,,,,,,,
2024,,Fengal,,5.1,84.5,20,1003,D,BOB,0600,1.5,3,,,,,,,,,,,,,,
2024,,Fengal,,5.2,83.5,25,1002,D,BOB,1200,1.5,4,,,,,,,,,,,,,,
2024,,Fengal,,5.5,83.2,25,1002,D,BOB,1800,1.5,4,,,,,,,,,,,,,,
2024,,Fengal,2024-11-26 00:00:00,6.0,82.9,25,1002,D,BOB,0000,1.5,4,,,,,,,,,,,,,,
2024,,Fengal,,6.3,82.8,30,1001,DD,BOB,0300,2,5,,,,,,,,,,,,,,
2024,,Fengal,,6.6,82.8,30,1001,DD,BOB,0600,2,5,,,,,,,,,,,,,,
2024,,Fengal,,7.0,82.7,30,1001,DD,BOB,1200,2,5,,,,,,,,,,,,,,
2024,,Fengal,,7.5,82.6,30,1001,DD,BOB,1800,2,5,,,,,,,,,,,,,,
2024,,Fengal,2024-11-27 00:00:00,8.2,82.4,30,1001,DD,BOB,0000,2,5,,,,,,,,,,,,,,
2024,,Fengal,,8.5,82.3,30,1001,DD,BOB,0300,2,5,,,,,,,,,,,,,,
2024,,Fengal,,8.7,82.2,30,1001,DD,BOB,0600,2,5,,,,,,,,,,,,,,
2024,,Fengal,,8.9,82.2,30,1000,DD,BOB,1200,2,6,,,,,,,,,,,,,,
2024,,Fengal,,9.0,82.2,30,1000,DD,BOB,1800,2,6,,,,,,,,,,,,,,
2024,,Fengal,2024-11-28 00:00:00,9.0,82.2,30,1000,DD,BOB,0000,2,6,,,,,,,,,,,,,,
2024,,Fengal,,9.1,82.3,30,1000,DD,BOB,0300,2,6,,,,,,,,,,,,,,
2024,,Fengal,,9.3,82.4,30,1000,DD,BOB,0600,2,6,,,,,,,,,,,,,,
2024,,Fengal,,9.6,82.7,30,1000,DD,BOB,1200,2,6,,,,,,,,,,,,,,
2024,,Fengal,,10.1,82.8,30,1000,DD,BOB,1800,2,6,,,,,,,,,,,,,,
2024,,Fengal,2024-11-29 00:00:00,10.4,82.7,30,1000,DD,BOB,0000,2,6,,,,,,,,,,,,,,
2024,,Fengal,,10.6,82.6,30,1000,DD,BOB,0300,2,6,,,,,,,,,,,,,,
2024,,Fengal,,10.9,82.5,30,1000,DD,BOB,0600,2,6,,,,,,,,,,,,,,
2024,,Fengal,,11.2,82.2,35,999,CS,BOB,0900,2.5,7,,,,,,,,,,,,,,
2024,,Fengal,,11.5,81.9,35,999,CS,BOB,1200,2.5,7,,,,,,,,,,,,,,
2024,,Fengal,,11.6,81.7,35,999,CS,BOB,1500,2.5,7,,,,,,,,,,,,,,
2024,,Fengal,,11.8,81.7,35,999,CS,BOB,1800,2.5,7,,,,,,,,,,,,,,
2024,,Fengal,,11.9,81.5,40,996,CS,BOB,2100,2.5,8,,,,,,,,,,,,,,
2024,,Fengal,2024-11-30 00:00:00,12.2,81.2,45,996,CS,BOB,0000,3,10,,,,,,,,,,,,,,
2024,,Fengal,,12.3,80.9,45,996,CS,BOB,0300,3,10,,,,,,,,,,,,,,
2024,,Fengal,,12.3,80.7,45,996,CS,BOB,0600,3,10,,,,,,,,,,,,,,
2024,,Fengal,,12.3,80.5,45,996,CS,BOB,0900,3,12,,,,,,,,,,,,,,
2024,,Fengal,,12.3,80.3,40,998,CS,BOB,1200,3,11,,,,,,,,,,,,,,
2024,,Fengal,,12.2,80.1,40,998,CS,BOB,1500,2.5,10,,,,,,,,,,,,,,
2024,,Fengal,,12.0,79.8,40,998,CS,BOB,1800,-,10,,,,,,,,,,,,,,
2024,,Fengal,,12.0,79.8,35,999,CS,BOB,2100,-,11,,,,,,,,,,,,,,
2024,,Fengal,2024-12-01 00:00:00,12.0,79.8,35,999,CS,BOB,0000,-,10,,,,,,,,,,,,,,
2024,,Fengal,,12.0,79.8,35,999,CS,BOB,0300,-,7,,,,,,,,,,,,,,
2024,,Fengal,,12.0,79.8,30,1000,DD,BOB,0600,-,6,,,,,,,,,,,,,,
2024,,Fengal,,12.1,79.6,25,1001,D,BOB,1200,-,4,,,,,,,,,,,,,,
2024,,Fengal,,12.1,79.2,25,1002,D,BOB,1800,-,3,,,,,,,,,,,,,,
2025,15.0,Ditwah,26-11-2025,5.9,82.6,25,1004,D,BOB,1800,1.5,4,,,,,,,,,,,,26,11,2025
2025,,Ditwah,27-11-2025,6.3,82.4,30,1003,DD,BOB,0000,2,5,,,,,,,,,,,,27,11,2025
2025,,Ditwah,27-11-2025,6.7,82.1,30,1003,DD,BOB,0300,2,5,,,,,,,,,,,,27,11,2025
2025,,Ditwah,27-11-2025,6.9,81.9,35,1002,CS,BOB,0600,2.5,6,,,,,,,,,,,,27,11,2025
2025,,Ditwah,27-11-2025,7.2,81.8,35,1002,CS,BOB,0900,2.5,6,,,,,,,,,,,,27,11,2025
2025,,Ditwah,27-11-2025,7.6,81.6,35,1002,CS,BOB,1200,2.5,6,,,,,,,,,,,,27,11,2025
2025,,Ditwah,27-11-2025,7.7,81.5,35,1002,CS,BOB,1500,2.5,6,,,,,,,,,,,,27,11,2025
2025,,Ditwah,27-11-2025,7.9,81.3,35,1002,CS,BOB,1800,2.5,6,,,,,,,,,,,,27,11,2025
2025,,Ditwah,27-11-2025,8.1,81.2,35,1002,CS,BOB,2100,2.5,6,,,,,,,,,,,,27,11,2025
2025,,Ditwah,28-11-2025,8.2,81.1,35,1002,CS,BOB,0000,2.5,6,,,,,,,,,,,,28,11,2025
2025,,Ditwah,28-11-2025,8.3,81.0,35,1002,CS,BOB,0300,2.5,6,,,,,,,,,,,,28,11,2025
2025,,Ditwah,28-11-2025,8.4,81.0,35,1002,CS,BOB,0600,2.5,6,,,,,,,,,,,,28,11,2025
2025,,Ditwah,28-11-2025,8.5,81.0,35,1002,CS,BOB,0900,2.5,6,,,,,,,,,,,,28,11,2025
2025,,Ditwah,28-11-2025,8.7,80.9,35,1002,CS,BOB,1200,2.5,6,,,,,,,,,,,,28,11,2025
2025,,Ditwah,28-11-2025,8.8,80.8,35,1002,CS,BOB,1500,2.5,6,,,,,,,,,,,,28,11,2025
2025,,Ditwah,28-11-2025,9.0,80.8,35,1002,CS,BOB,1800,2.5,6,,,,,,,,,,,,28,11,2025
2025,,Ditwah,28-11-2025,9.2,80.8,35,1001,CS,BOB,2100,2.5,7,,,,,,,,,,,,28,11,2025
2025,,Ditwah,29-11-2025,9.4,80.7,35,1001,CS,BOB,0000,2.5,7,,,,,,,,,,,,29,11,2025
2025,,Ditwah,29-11-2025,9.6,80.7,40,1000,CS,BOB,0300,2.5,8,,,,,,,,,,,,29,11,2025
2025,,Ditwah,29-11-2025,9.9,80.7,40,1000,CS,BOB,0600,2.5,8,,,,,,,,,,,,29,11,2025
2025,,Ditwah,29-11-2025,10.1,80.6,40,1000,CS,BOB,0900,2.5,8,,,,,,,,,,,,29,11,2025
2025,,Ditwah,29-11-2025,10.4,80.6,40,1000,CS,BOB,1200,2.5,8,,,,,,,,,,,,29,11,2025
2025,,Ditwah,29-11-2025,10.5,80.6,40,1000,CS,BOB,1500,2.5,8,,,,,,,,,,,,29,11,2025
2025,,Ditwah,29-11-2025,10.7,80.6,40,1000,CS,BOB,1800,2.5,8,,,,,,,,,,,,29,11,2025
2025,,Ditwah,29-11-2025,10.8,80.6,40,1000,CS,BOB,2100,2.5,8,,,,,,,,,,,,29,11,2025
2025,,Ditwah,30-11-2025,11.1,80.6,40,1000,CS,BOB,0000,2.5,8,,,,,,,,,,,,30,11,2025
2025,,Ditwah,30-11-2025,11.4,80.6,40,1000,CS,BOB,0300,2.5,8,,,,,,,,,,,,30,11,2025
2025,,Ditwah,30-11-2025,11.5,80.6,35,1001,CS,BOB,0600,2.5,7,,,,,,,,,,,,30,11,2025
2025,,Ditwah,30-11-2025,11.7,80.6,35,1002,CS,BOB,0900,2.5,6,,,,,,,,,,,,30,11,2025
2025,,Ditwah,30-11-2025,11.8,80.6,30,1003,DD,BOB,1200,2,5,,,,,,,,,,,,30,11,2025
2025,,Ditwah,30-11-2025,12.3,80.6,30,1003,DD,BOB,1800,2,5,,,,,,,,,,,,30,11,2025
2025,,Ditwah,01-12-2025,12.8,80.6,30,1003,DD,BOB,0000,2,5,,,,,,,,,,,,1,12,2025
2025,,Ditwah,01-12-2025,12.8,80.6,30,1003,DD,BOB,0300,2,5,,,,,,,,,,,,1,12,2025
2025,,Ditwah,01-12-2025,13.0,80.6,30,1003,DD,BOB,0600,2,5,,,,,,,,,,,,1,12,2025
2025,,Ditwah,01-12-2025,13.0,80.6,30,1003,DD,BOB,1200,2,5,,,,,,,,,,,,1,12,2025
2025,,Ditwah,01-12-2025,13.0,80.6,30,1003,DD,BOB,1800,2,5,,,,,,,,,,,,1,12,2025
2025,,Ditwah,02-12-2025,12.9,80.5,25,1004,D,BOB,0000,1.5,4,,,,,,,,,,,,2,12,2025
2025,,Ditwah,02-12-2025,12.8,80.5,25,1004,D,BOB,0300,1.5,4,,,,,,,,,,,,2,12,2025
2025,,Ditwah,02-12-2025,12.5,80.4,25,1004,D,BOB,0600,1.5,4,,,,,,,,,,,,2,12,2025
2025,,Ditwah,02-12-2025,12.3,80.3,25,1004,D,BOB,1200,1.5,4,,,,,,,,,,,,2,12,2025
2025,,Ditwah,02-12-2025,12.1,80.2,20,1005,D,BOB,1800,1.5,3,,,,,,,,,,,,2,12,2025
