Unnamed: 0,Annual,Unnamed: 2,Unnamed: 3,Unnamed: 4,Unnamed: 5,Unnamed: 6,Annual.1,Unnamed: 8,Unnamed: 9,Unnamed: 10,Unnamed: 11,Unnamed: 12,Unnamed: 13,Unnamed: 14,Unnamed: 15,Unnamed: 16
1901.0,1068.7,,,,,1901,1068.7,,1901.0,1068.7,1931.0,1750.7999999999997,1961.0,1009.0000000000001,1991.0,1687.2
1902.0,1691.8999999999999,,,,,1902,1691.8999999999999,,1902.0,1691.8999999999999,1932.0,1885.6999999999998,1962.0,1479.7,1992.0,913.2
1903.0,1590.4,,,,,1903,1590.4,,1903.0,1590.4,1933.0,1122.7,1963.0,2348.1,1993.0,1858.4
1904.0,982.3000000000001,,,,,1904,982.3000000000001,,1904.0,982.3000000000001,1934.0,943.5,1964.0,717.4,1994.0,1047.8
1905.0,919.5000000000001,,,,,1905,919.5000000000001,,1905.0,919.5000000000001,1935.0,1720.9,1965.0,1312.7,1995.0,2324.5
1906.0,1907.6,,,,,1906,1907.6,,1906.0,1907.6,1936.0,1110.7,1966.0,1266.8,1996.0,1674.3000000000002
1907.0,1194.1999999999998,,,,,1907,1194.1999999999998,,1907.0,1194.1999999999998,1937.0,1271.3999999999999,1967.0,1582.6999999999998,1997.0,1945.4
1908.0,1225.6,,,,,1908,1225.6,,1908.0,1225.6,1938.0,1179.6,1968.0,742.6999999999999,1998.0,1309.8000000000002
1909.0,727.7999999999998,,,,,1909,727.7999999999998,,1909.0,727.7999999999998,1939.0,1421.9,1969.0,1781.6,1999.0,1197.0
1910.0,1131.0,,,,,1910,1131,,1910.0,1131.0,1940.0,1775.1000000000001,1970.0,1799.1,2000.0,1314.9
1911.0,1723.1,,,,,1911,1723.1,,1911.0,1723.1,1941.0,1355.8999999999999,1971.0,1500.7999999999997,2001.0,1011.6
1912.0,1127.8999999999999,,,,,1912,1127.8999999999999,,1912.0,1127.8999999999999,1942.0,795.3,1972.0,1641.8000000000002,2002.0,875.1999999999999
1913.0,2074.0,,,,,1913,2074,,1913.0,2074.0,1943.0,1707.3000000000002,1973.0,1251.9,2003.0,828.0
1914.0,1357.9,,,,,1914,1357.9,,1914.0,1357.9,1944.0,2105.0,1974.0,719.1,2004.0,1828.2
1915.0,1088.9,,,,,1915,1088.9,,1915.0,1088.9,1945.0,1188.3,1975.0,1421.6,2005.0,1792.3999999999999
1916.0,914.1999999999999,,,,,1916,914.1999999999999,,1916.0,914.1999999999999,1946.0,1510.1000000000001,1976.0,1572.0,2006.0,1147.3
1917.0,1337.2,,,,,1917,1337.2,,1917.0,1337.2,1947.0,960.2,1977.0,1858.5,2007.0,1462.9
1918.0,1386.6,,,,,1918,1386.6,,1918.0,1386.6,1948.0,1105.6,1978.0,1647.0,2008.0,1546.4
1919.0,1883.1000000000001,1931.0,1750.7999999999997,,,1919,1883.1000000000001,,1919.0,1883.1000000000001,1949.0,685.0,1979.0,1506.6000000000001,2009.0,1941.3999999999999
1920.0,2095.2,1932.0,1885.6999999999998,,,1920,2095.2,,1920.0,2095.2,1950.0,1196.8,1980.0,880.9,2010.0,1870.6
1921.0,1135.3,1933.0,1122.7,,,1921,1135.3,,1921.0,1135.3,1951.0,832.1999999999999,1981.0,1610.4,2011.0,2034.5
1922.0,1153.7,1934.0,943.5,,,1922,1153.7,,1922.0,1153.7,1952.0,866.0,1982.0,1006.9,2012.0,1515.2
1923.0,1756.4999999999995,1935.0,1720.9,,,1923,1756.4999999999995,,1923.0,1756.4999999999995,1953.0,1040.0,1983.0,1647.0,2013.0,1032.1
1924.0,1021.2,1936.0,1110.7,,,1924,1021.2,,1924.0,1021.2,1954.0,1315.8000000000002,1984.0,1618.4999999999998,2014.0,1248.0
1925.0,1580.1,1937.0,1271.3999999999999,,,1925,1580.1,,1925.0,1580.1,1955.0,1374.0,1985.0,1838.8999999999999,2015.0,1857.6000000000001
1926.0,1018.3999999999999,1938.0,1179.6,,,1926,1018.3999999999999,,1926.0,1018.3999999999999,1956.0,1138.8,1986.0,1443.9,2016.0,695.4
1927.0,769.1999999999999,1939.0,1421.9,,,1927,769.1999999999999,,1927.0,769.1999999999999,1957.0,1803.5,1987.0,1341.7,2017.0,1767.3
1928.0,1724.1000000000001,1940.0,1775.1000000000001,,,1928,1724.1000000000001,,1928.0,1724.1000000000001,1958.0,913.3,1988.0,1263.8,2018.0,1198.6
1929.0,1404.5,1941.0,1355.8999999999999,,,1929,1404.5,,1929.0,1404.5,1959.0,1256.5,1989.0,1277.4999999999998,2019.0,1475.1
1930.0,2123.9,1942.0,795.3,,,1930,2123.9,,1930.0,2123.9,1960.0,2234.3,1990.0,1326.4,2020.0,1504.7
1931.0,1750.7999999999997,1943.0,1707.3000000000002,,,,1370.4666666666667,,,1370.4666666666667,,1318.8733333333334,,1413.8333333333335,2021.0,2244.8
1932.0,1885.6999999999998,1944.0,2105.0,,,,,,,,,,,,2022.0,1323.8999999999999
1933.0,1122.7,1945.0,1188.3,,,,,,,,,,,,2023.0,1473.8
1934.0,943.5,1946.0,1510.1000000000001,,,,,,,,,,,,2024.0,1703.4999912157655
1935.0,1720.9,1947.0,960.2,,,,,,,,,,,,,1489.7352938592874
1936.0,1110.7,1948.0,1105.6,,,,Annual,,,,,,,,,
1937.0,1271.3999999999999,1949.0,685.0,,,1901-30,1371,,,,,,,,,
1938.0,1179.6,1950.0,1196.8,,,1931-60,1319,,,,,,,,,
1939.0,1421.9,1951.0,832.1999999999999,,,1960-90,1413,,,,,,,,,
1940.0,1775.1000000000001,1952.0,866.0,,,1991-2024,1489,,,,,,,,,
1941.0,1355.8999999999999,1953.0,1040.0,,,,,,,,,,,,,
1942.0,795.3,1954.0,1315.8000000000002,,,,,,,,,,,,,
1943.0,1707.3000000000002,1955.0,1374.0,,,,,,,,,,,,,
1944.0,2105.0,1956.0,1138.8,,,,,,,,,,,,,
1945.0,1188.3,1957.0,1803.5,,,,,,,,,,,,,
1946.0,1510.1000000000001,1958.0,913.3,,,,,,,,,,,,,
1947.0,960.2,1959.0,1256.5,,,,,,,,,,,,,
1948.0,1105.6,1960.0,2234.3,,,,,,,,,,,,,
1949.0,685.0,1961.0,1009.0000000000001,,,,,,,,,,,,,
1950.0,1196.8,1962.0,1479.7,,,,,,,,,,,,,
1951.0,832.1999999999999,1963.0,2348.1,,,,,,,,,,,,,
1952.0,866.0,1964.0,717.4,,,,,,,,,,,,,
1953.0,1040.0,1965.0,1312.7,,,,,,,,,,,,,
1954.0,1315.8000000000002,1966.0,1266.8,,,,,,,,,,,,,
1955.0,1374.0,1967.0,1582.6999999999998,,,,,,,,,,,,,
1956.0,1138.8,1968.0,742.6999999999999,,,,,,,,,,,,,
1957.0,1803.5,1969.0,1781.6,,,,,,,,,,,,,
1958.0,913.3,1970.0,1799.1,,,,,,,,,,,,,
1959.0,1256.5,1971.0,1500.7999999999997,,,,,,,,,,,,,
1960.0,2234.3,1972.0,1641.8000000000002,,,,,,,,,,,,,
1961.0,1009.0000000000001,1973.0,1251.9,,,,,,,,,,,,,
1962.0,1479.7,1974.0,719.1,,,,,,,,,,,,,
1963.0,2348.1,1975.0,1421.6,,,,,,,,,,,,,
1964.0,717.4,1976.0,1572.0,,,,,,,,,,,,,
1965.0,1312.7,1977.0,1858.5,,,,,,,,,,,,,
1966.0,1266.8,1978.0,1647.0,,,,,,,,,,,,,
1967.0,1582.6999999999998,1979.0,1506.6000000000001,,,,,,,,,,,,,
1968.0,742.6999999999999,1980.0,880.9,,,,,,,,,,,,,
1969.0,1781.6,1981.0,1610.4,,,,,,,,,,,,,
1970.0,1799.1,1982.0,1006.9,,,,,,,,,,,,,
1971.0,1500.7999999999997,1983.0,1647.0,,,,,,,,,,,,,
1972.0,1641.8000000000002,1984.0,1618.4999999999998,,,,,,,,,,,,,
1973.0,1251.9,1985.0,1838.8999999999999,,,,,,,,,,,,,
1974.0,719.1,1986.0,1443.9,,,,,,,,,,,,,
1975.0,1421.6,1987.0,1341.7,,,,,,,,,,,,,
1976.0,1572.0,1988.0,1263.8,,,,,,,,,,,,,
1977.0,1858.5,1989.0,1277.4999999999998,,,,,,,,,,,,,
1978.0,1647.0,1990.0,1326.4,,,,,,,,,,,,,
1979.0,1506.6000000000001,,,,,,,,,,,,,,,
1980.0,880.9,,,,,,,,,,,,,,,
1981.0,1610.4,,,,,,,,,,,,,,,
1982.0,1006.9,,,,,,,,,,,,,,,
1983.0,1647.0,,,,,,,,,,,,,,,
1984.0,1618.4999999999998,,,,,,,,,,,,,,,
1985.0,1838.8999999999999,,,,,,,,,,,,,,,
1986.0,1443.9,,,,,,,,,,,,,,,
1987.0,1341.7,,,,,,,,,,,,,,,
1988.0,1263.8,,,,,,,,,,,,,,,
1989.0,1277.4999999999998,,,,,,,,,,,,,,,
1990.0,1326.4,,,,,,,,,,,,,,,
1991.0,1687.2,,,,,,,,,,,,,,,
1992.0,913.2,,,,,,,,,,,,,,,
1993.0,1858.4,,,,,,,,,,,,,,,
1994.0,1047.8,,,,,,,,,,,,,,,
1995.0,2324.5,,,,,,,,,,,,,,,
1996.0,1674.3000000000002,,,,,,,,,,,,,,,
1997.0,1945.4,,,,,,,,,,,,,,,
1998.0,1309.8000000000002,,,,,,,,,,,,,,,
1999.0,1197.0,,,,,,,,,,,,,,,
2000.0,1314.9,,,,,,,,,,,,,,,
2001.0,1011.6,,,,,,,,,,,,,,,
2002.0,875.1999999999999,,,,,,,,,,,,,,,
2003.0,828.0,,,,,,,,,,,,,,,
2004.0,1828.2,,,,,,,,,,,,,,,
2005.0,1792.3999999999999,,,,,,,,,,,,,,,
2006.0,1147.3,,,,,,,,,,,,,,,
2007.0,1462.9,,,,,,,,,,,,,,,
2008.0,1546.4,,,,,,,,,,,,,,,
2009.0,1941.3999999999999,,,,,,,,,,,,,,,
2010.0,1870.6,,,,,,,,,,,,,,,
2011.0,2034.5,,,,,,,,,,,,,,,
2012.0,1515.2,,,,,,,,,,,,,,,
2013.0,1032.1,,,,,,,,,,,,,,,
2014.0,1248.0,,,,,,,,,,,,,,,
2015.0,1857.6000000000001,,,,,,,,,,,,,,,
2016.0,695.4,,,,,,,,,,,,,,,
2017.0,1767.3,,,,,,,,,,,,,,,
2018.0,1198.6,,,,,,,,,,,,,,,
2019.0,1475.1,,,,,,,,,,,,,,,
2020.0,1504.7,,,,,,,,,,,,,,,
2021.0,2244.8,,,,,,,,,,,,,,,
2022.0,1323.8999999999999,,,,,,,,,,,,,,,
2023.0,1473.8,,,,,,,,,,,,,,,
2024.0,1703.4999912157655,,,,,,,,,,,,,,,
,1401.1790321872236,,,,,,,,,,,,,,,
